date,3EURpool-f,BEAN3CRV-f,BTCpx/sbtcCRV-f,BUSD-3Crv,CRVlvUSD3CRV-f,D3-f,DAI-USDC-USDT,DAI-USDC-USDT-sUSD,DOLA3POOL3CRV-f,DSU3CRV-f,DUSD-3Crv,ETH-sETH,EURN/EURT-f,EUROC/3CRV3CRV-f,FEI3CRV3CRV-f,FIAT+3Crv3CRV-f,GUSD-3Crv,HBTC-WBTC,HOME+3crv3CRV-f,HUSD-3Crv,MIM-UST-f,OUSD3CRV-f,PUSd-3CRV-f,PWRD3CRV-f,PWRD3CRV3CRV-f,RAMP rUSD3CRV-f,RSV-3Crv,STETHETH_C-f,TUSD-3Crv,TriCRV-f,USDD3CRV3CRV-f,USDK-3Crv,USDM3CRV-f,USDN-3Crv,UST-FRAX-f,UST_whv23CRV-f,XIM3CRV-f,XSTUSD3CRV-f,a3CRV,aETHb-f,aMATICb-f,aUSDC+aDAI-f,ag+ib-EUR-f,alETH+ETH-f,ankrCRV,bBTC/sbtcCRV,bveCVX-CVX-f,cDAI-cUSDC,cDAI-cUSDC-USDT,clevCVX-f,crv3crypto,crvTricrypto,cvxcrv-f,dfx2CAD-f,europool-f,eursCRV,fxEUR_CRV-f,ib3CRV,ibAUD+sAUD-f,ibCHF+sCHF-f,ibEUR+sEUR-f,ibGBP+sGBP-f,ibJPY+sJPY-f,ibKRW+sKRW-f,ibZAR+ZARP-f,ibbtc/sbtcCRV-f,ibbtc/sbtcCRV-f,linkCRV,mUSD-3Crv,oBTC/sbtcCRV,pBTC/sbtcCRV,pax-usdp3CRV-f,pbtc/sbtcCRV-f,rCRV,rETHwstETH-f,renBTC-WBTC,renBTC-WBTC-sBTC,sETH2stETH-f,sUSD3CRV-f,saCRV,sdAGAG-f,sdCRV-f,sdCRVCRV-f,sdFXSFXS-f,steCRV,tbtc/sbtcCrv,tbtc2/sbtcCRV-f,usdp3CRV,ust3CRV,xFraxTplLP-f,yDAI-yUSDC-yUSDT-yBUSD,yDAI-yUSDC-yUSDT-yTUSD,ycDAI-ycUSDC-ycUSDT-USDP
2021-04-08,0.0,0.0,0.0,0.0,0.0,0.0,13.41494375809181,0.0,0.0,0.0,0.0,0.0,0.0,0.0,0.0,0.0,0.0,0.0,0.0,0.0,0.0,0.0,0.0,0.0,0.0,0.0,0.0,0.0,0.0,0.0,0.0,0.0,0.0,0.0,0.0,0.0,0.0,0.0,0.0,0.0,0.0,0.0,0.0,0.0,0.0,0.0,0.0,0.0,0.0,0.0,0.0,0.0,0.0,0.0,0.0,0.0,0.0,0.0,0.0,0.0,0.0,0.0,0.0,0.0,0.0,0.0,0.0,0.0,0.0,0.0,0.0,0.0,0.0,0.0,0.0,0.0,0.0,0.0,0.0,0.0,0.0,0.0,0.0,0.0,0.0,0.0,0.0,0.0,0.0,0.0,0.0,0.0,0.0
2021-04-09,0.0,0.0,0.0,0.0,0.0,0.0,14.414932119758584,16.050851877271764,0.0,0.0,11.45259321250122,14.174970721926108,0.0,0.0,0.0,0.0,16.680579276651287,7.8651591826996,0.0,16.613000540648713,0.0,0.0,0.0,0.0,0.0,0.0,21.87638147787008,0.0,14.945195671366546,0.0,0.0,33.784673418964026,0.0,32.19518713775572,0.0,0.0,0.0,0.0,11.986956754615004,0.0,0.0,0.0,0.0,0.0,8.06403257291811,2.4673424697530812,0.0,12.352905284249507,8.484318640219325,0.0,0.0,0.0,0.0,0.0,0.0,inf,0.0,31.92095421979661,0.0,0.0,0.0,0.0,0.0,0.0,0.0,0.0,0.0,inf,19.232765466969834,2.28132246726684,0.99348073812338,0.0,0.0,0.0,0.0,1.732579034769636,1.8963398832462248,0.0,0.0,18.73447123751622,0.0,0.0,0.0,0.0,5.927932267277245,4.051882097186549,0.0,38.78421658426537,17.735369878564132,0.0,7.661713007608492,4.668932539946235,16.66757240197555
2021-04-10,0.0,0.0,0.0,0.0,0.0,0.0,13.928092031516618,15.42809019765928,0.0,0.0,10.839507617593128,13.785446140255777,0.0,0.0,0.0,0.0,16.462611318883805,7.569299445367125,0.0,16.094452260694116,0.0,0.0,0.0,0.0,0.0,0.0,20.95471256315384,0.0,14.616897554644034,0.0,0.0,32.730320988296896,0.0,31.01040414395432,0.0,0.0,0.0,0.0,11.512946382977034,0.0,0.0,0.0,0.0,0.0,6.048086859907204,2.1580610357864654,0.0,12.382822892674872,8.218677875326035,0.0,0.0,0.0,0.0,0.0,0.0,inf,0.0,29.609037421852534,0.0,0.0,0.0,0.0,0.0,0.0,0.0,0.0,0.0,inf,19.00017505188862,2.14476402181276,0.9789413391287484,0.0,0.0,0.0,0.0,1.7111723630930336,1.8272067116180477,0.0,0.0,17.920012452343755,0.0,0.0,0.0,0.0,5.567320384527599,3.929517850536183,0.0,36.510380821571516,15.70608887701569,0.0,7.448898740052,4.710716647285547,16.147244186369203
2021-04-11,0.0,0.0,0.0,0.0,0.0,0.0,13.882630466144477,15.327535240921309,0.0,0.0,10.93667273439217,12.524018659661154,0.0,0.0,0.0,0.0,17.687061728442565,7.151914275693502,0.0,16.025182999269106,0.0,0.0,0.0,0.0,0.0,0.0,21.069246709651633,0.0,14.554273918057973,0.0,0.0,32.58966691172911,0.0,30.69483462754368,0.0,0.0,0.0,0.0,11.587863066735112,0.0,0.0,0.0,0.0,0.0,6.643470110495632,2.850545997458661,0.0,12.615999217107166,8.181707738414012,0.0,0.0,0.0,0.0,0.0,0.0,inf,0.0,29.80913611801957,0.0,0.0,0.0,0.0,0.0,0.0,0.0,0.0,0.0,inf,19.522824658424458,2.1739074248929557,0.8382301891260281,0.0,0.0,0.0,0.0,1.710084424372243,1.771634488608974,0.0,0.0,17.60091971186976,0.0,0.0,0.0,0.0,5.114782511118172,3.7289699339622286,0.0,35.30076040270237,16.94503484495965,0.0,7.746163688340643,4.723950079506339,16.078145729552602
2021-04-12,0.0,0.0,0.0,0.0,0.0,0.0,14.481692042670035,16.156882006202654,0.0,0.0,11.617349966432505,13.080264292558585,0.0,0.0,0.0,0.0,17.922308904338855,7.420523593068243,0.0,16.761766609736014,0.0,0.0,0.0,0.0,0.0,0.0,22.03783919717153,0.0,15.223664545999812,0.0,0.0,34.08815938222276,0.0,37.7962404004004,0.0,0.0,0.0,0.0,12.133277930375659,0.0,0.0,0.0,0.0,0.0,7.074815330328545,3.40020351222149,0.0,13.290345322871405,8.557053689467885,0.0,0.0,0.0,0.0,0.0,0.0,inf,0.0,30.314987241435766,0.0,0.0,0.0,0.0,0.0,0.0,0.0,0.0,0.0,inf,27.024794798836105,2.250040745930031,0.8099093628796341,0.0,0.0,0.0,0.0,1.8037828119926416,1.8882204937614118,0.0,0.0,18.509859247208997,0.0,0.0,0.0,0.0,5.179179300974864,3.8994484484259773,0.0,36.01334861777293,17.09059963757116,0.0,8.117583638673826,5.03540806126641,16.81723290428411
2021-04-13,0.0,0.0,0.0,0.0,0.0,0.0,13.999557018116409,15.810895612465789,0.0,0.0,11.391306376243389,12.984411030782464,0.0,0.0,0.0,0.0,18.298764177562653,7.321596831919441,0.0,16.400726399555566,0.0,0.0,0.0,0.0,0.0,0.0,21.563104667650382,0.0,14.938330158931254,0.0,0.0,37.39127468935533,0.0,35.179583921439246,0.0,0.0,0.0,0.0,11.532756840705948,0.0,0.0,0.0,0.0,0.0,6.967264738685008,3.181046743798646,0.0,12.462670187912815,8.384308833744274,0.0,0.0,0.0,0.0,0.0,0.0,inf,0.0,27.554447587453275,0.0,0.0,0.0,0.0,0.0,0.0,0.0,0.0,0.0,inf,26.43823933626549,2.0571376629572904,0.7934658893045213,0.0,0.0,0.0,0.0,1.829286096205037,1.6260076755223685,0.0,0.0,18.106578235588888,0.0,0.0,0.0,0.0,4.064948514531667,3.016474427428006,0.0,35.322573515365086,16.69376385741347,0.0,7.484303788916689,4.946326768805212,16.45483711313972
2021-04-14,0.0,0.0,0.0,0.0,0.0,0.0,14.552690158061402,16.0351197467778,0.0,0.0,11.663061637060034,12.569559859525162,0.0,0.0,0.0,0.0,18.250293310069267,6.985072693431543,0.0,16.894408280566562,0.0,0.0,0.0,0.0,0.0,0.0,22.26096822133295,0.0,15.545348376308525,0.0,0.0,33.39133699721156,0.0,35.721289434531286,0.0,0.0,0.0,0.0,11.838104877320834,0.0,0.0,0.0,0.0,0.0,6.717088833800035,3.109520399275618,0.0,12.341133672318357,8.654102135171133,0.0,0.0,0.0,0.0,0.0,0.0,inf,0.0,27.635207059830485,0.0,0.0,0.0,0.0,0.0,0.0,0.0,0.0,0.0,inf,27.293845431013747,1.882416552552686,0.6876274755886942,0.0,0.0,0.0,0.0,1.781631134577947,1.5571325981078752,0.0,0.0,18.711768943883182,0.0,0.0,0.0,0.0,3.796660416849878,2.936218838953292,0.0,36.47968326426719,25.78496942211036,0.0,7.761861728484089,5.230504270937606,16.988070211620002
2021-04-15,0.0,0.0,0.0,0.0,0.0,0.0,14.335846318219811,15.76828969382372,0.0,0.0,10.848390853097614,12.139334485622348,0.0,0.0,0.0,0.0,16.73383665853743,7.02878876492887,0.0,16.864674142920624,0.0,0.0,0.0,0.0,0.0,0.0,22.214911166391264,0.0,15.519617052344243,0.0,0.0,33.342607130171594,0.0,37.540270783411074,0.0,0.0,0.0,0.0,12.46801676435922,0.0,0.0,0.0,0.0,0.0,5.372514554121358,1.7702515415460103,0.0,12.175472064500404,8.657411705665814,0.0,0.0,0.0,0.0,0.0,0.0,inf,0.0,25.197978603067376,0.0,0.0,0.0,0.0,0.0,0.0,0.0,0.0,0.0,inf,27.0459868319675,1.9251339152751803,0.6945894499680295,0.0,0.0,0.0,0.0,1.7979210819655038,2.1522544753028083,0.0,0.0,17.503402777617808,0.0,0.0,0.0,0.0,3.823445522616619,2.965258954223447,0.0,36.14196827610463,23.161123967675167,0.0,7.791741588153607,4.015326710224584,16.957594524473993
2021-04-16,0.0,0.0,0.0,0.0,0.0,0.0,10.234373853706174,20.169207823465296,0.0,0.0,13.742331108969688,14.789385315207582,0.0,0.0,0.0,0.0,20.822877629062848,8.855206325247938,0.0,21.312849431519005,0.0,0.0,0.0,0.0,0.0,0.0,28.10701791038094,0.0,19.69135362097731,0.0,0.0,41.91368906115021,0.0,43.894533157205565,0.0,0.0,0.0,0.0,16.198603571262733,0.0,0.0,0.0,0.0,0.0,7.9834531393588355,2.3613588521786175,0.0,15.286618862184865,10.869308149393692,0.0,0.0,0.0,0.0,0.0,0.0,inf,0.0,32.35723933559045,0.0,0.0,0.0,0.0,0.0,0.0,0.0,0.0,0.0,inf,34.20219477856622,2.4378161950923283,0.8986143712819319,0.0,0.0,0.0,0.0,2.26579252546361,2.7099626836114896,0.0,0.0,21.5131330483067,0.0,0.0,0.0,0.0,4.813066522085106,3.799358617220809,0.0,43.34589495765214,28.87782840242628,0.0,9.880052754208085,5.137048663419463,21.44432224129607
2021-04-17,0.0,0.0,0.0,0.0,0.0,0.0,10.862890619009779,19.81534827359725,0.0,0.0,13.310042434651455,15.04371226898838,0.0,0.0,0.0,0.0,20.324087098589164,8.96249635433636,0.0,16.22789828205352,0.0,0.0,0.0,0.0,0.0,0.0,28.272136654166392,0.0,18.83695206181332,0.0,0.0,40.91984457518345,0.0,39.56622564990348,0.0,0.0,0.0,0.0,12.487914253647022,0.0,0.0,0.0,0.0,0.0,8.36401318070966,2.4285739389206173,0.0,13.596896437609493,10.668943209228331,0.0,0.0,0.0,0.0,0.0,0.0,inf,0.0,31.918160471830582,0.0,0.0,0.0,0.0,0.0,0.0,0.0,0.0,0.0,inf,31.225408970127628,2.476928529381802,0.8962971824115649,0.0,0.0,0.0,0.0,2.2861112279921842,3.386683073317487,0.0,0.0,18.022485587378704,0.0,0.0,0.0,0.0,4.916983603060034,3.863832029156431,0.0,41.02539744642215,26.888490007954495,0.0,7.847136879784718,5.0445821799757296,20.432195781937683
2021-04-18,0.0,0.0,0.0,0.0,0.0,0.0,10.44515088588592,19.072287099223484,0.0,0.0,12.834542844085808,14.768956301372816,0.0,0.0,0.0,0.0,20.10103278684676,8.79504548903336,0.0,15.671444060097093,0.0,0.0,0.0,0.0,0.0,0.0,26.736046237852545,0.0,18.200093404242477,0.0,0.0,37.56526668195559,0.0,37.088907177417674,0.0,0.0,0.0,0.0,12.423636517768506,0.0,0.0,0.0,0.0,0.0,8.730670089485466,2.393945651683761,0.0,12.810709151195624,10.488103648474654,0.0,0.0,0.0,0.0,0.0,0.0,inf,0.0,29.472263592222504,0.0,0.0,0.0,0.0,0.0,0.0,0.0,0.0,0.0,inf,43.05345697932941,2.4589813819100677,0.8791434259249411,0.0,0.0,0.0,0.0,2.2678951686532454,3.337793091477654,0.0,0.0,16.99205452945961,0.0,0.0,0.0,0.0,4.911833274123918,3.824448359399188,0.0,39.131755122798694,25.122046392716225,0.0,7.003811408781599,4.872687569893027,19.740841674181866
2021-04-19,0.0,0.0,0.0,0.0,0.0,0.0,8.845116912791639,15.9501149754317,0.0,0.0,10.887429275653961,12.883680110361876,0.0,0.0,0.0,0.0,18.218142207994443,7.748615895760909,0.0,13.289662666057843,0.0,0.0,0.0,0.0,0.0,0.0,22.54454666687901,0.0,15.422434358256016,0.0,0.0,31.86754693000825,0.0,31.207508583010444,0.0,0.0,0.0,0.0,10.543705516521042,0.0,0.0,0.0,0.0,0.0,7.734354738882911,2.174585730511849,0.0,10.898329198488133,8.896261465479077,0.0,0.0,0.0,0.0,0.0,0.0,inf,0.0,25.213031941565433,0.0,0.0,0.0,0.0,0.0,0.0,0.0,0.0,0.0,inf,30.58488394082416,2.234472659742826,0.7951384164450688,0.0,0.0,0.0,0.0,2.2068654268952046,2.9597044098652643,0.0,0.0,14.428203060651711,0.0,0.0,0.0,0.0,4.3196265702421295,3.4788504499712296,0.0,32.80119801192064,20.875867312438313,0.0,5.972617114079076,4.129837681343431,16.746346858379674
2021-04-20,0.0,0.0,0.0,0.0,0.0,0.0,7.745818813472899,14.179387890455352,0.0,0.0,9.501792420418523,11.498692098518513,0.0,0.0,0.0,0.0,16.14083089956652,6.8086674856561595,0.0,11.593914447773715,0.0,0.0,0.0,0.0,0.0,0.0,19.674719622271994,0.0,13.459488690947097,0.0,0.0,27.81171959789796,0.0,26.735045894651034,0.0,0.0,0.0,0.0,8.99625501556452,0.0,0.0,0.0,0.0,0.0,7.140106339363291,1.9730407181834684,0.0,9.568966375890062,8.1017746743149,0.0,0.0,0.0,0.0,0.0,0.0,inf,0.0,21.699382539960684,0.0,0.0,0.0,0.0,0.0,0.0,0.0,0.0,0.0,inf,26.21912693459288,1.9737335635773612,0.6916747753986243,0.0,0.0,0.0,0.0,1.9456295537071042,2.534259484651697,0.0,0.0,11.87853968363883,0.0,0.0,0.0,0.0,3.9037417227109064,3.068341022312603,0.0,28.362807354315304,18.006395582897376,0.0,5.425580297578827,3.7024166739806232,14.615628485704024
2021-04-21,0.0,0.0,0.0,0.0,0.0,0.0,8.559995072747148,15.654921477102427,0.0,0.0,10.066910963550816,11.633437172766138,0.0,0.0,0.0,0.0,17.206962935929173,7.161317312867142,0.0,12.40208720853144,0.0,0.0,0.0,0.0,0.0,0.0,21.04612941956928,0.0,16.930822783459867,0.0,0.0,29.75049570125962,0.0,28.364270026492594,0.0,0.0,0.0,0.0,9.700471224764103,0.0,0.0,0.0,0.0,0.0,7.192483040869862,2.0911655734236745,0.0,10.233366566058509,8.66538615962055,0.0,0.0,0.0,0.0,0.0,0.0,inf,0.0,22.469690186862845,0.0,0.0,0.0,0.0,0.0,0.0,0.0,0.0,0.0,inf,19.995201359279708,2.0916181492762367,0.7350389530036339,0.0,0.0,0.0,0.0,2.0673333836438474,2.6833330870693417,0.0,0.0,13.005180486620244,0.0,0.0,0.0,0.0,3.929042995377795,3.2488278453423662,0.0,29.835913775278613,18.6673417914001,0.0,7.030548864250904,3.995807165179525,15.632671361854303
2021-04-22,0.0,0.0,0.0,0.0,0.0,0.0,8.17890674639377,14.70282256613013,0.0,0.0,9.502341128717198,10.639275332325887,0.0,0.0,0.0,0.0,12.327825888411066,6.99632582738449,0.0,11.645534556847307,0.0,0.0,0.0,0.0,0.0,0.0,19.75060486570749,0.0,15.955396329554707,0.0,0.0,27.94019118081351,0.0,26.788272982571215,0.0,0.0,0.0,0.0,9.119774354968648,0.0,0.0,0.0,0.0,0.0,6.615963200570088,2.0413220339231044,0.0,9.606280863159862,8.20275869236335,0.0,0.0,0.0,0.0,0.0,0.0,inf,0.0,20.44260268229191,0.0,0.0,0.0,0.0,0.0,0.0,0.0,0.0,0.0,inf,18.700501938719068,2.025439326822695,0.7180644894286511,0.0,0.0,0.0,0.0,1.9933820406253009,2.6384007255319273,0.0,0.0,13.996645151665376,0.0,0.0,0.0,0.0,3.605917902040192,3.175355520334201,0.0,27.71697514053993,17.60623846064423,0.0,4.419345941394064,3.8292014512567487,14.683763566616742
2021-04-23,0.0,0.0,0.0,0.0,0.0,0.0,7.91401452854059,14.197559523986838,0.0,0.0,9.469062154557193,9.99451498701063,0.0,0.0,0.0,0.0,12.446959957355016,6.834552714768129,0.0,14.450189455934362,0.0,0.0,0.0,0.0,0.0,0.0,19.02561481808565,0.0,15.368887687922722,0.0,0.0,27.479679853271648,0.0,26.860176333103187,0.0,0.0,0.0,0.0,8.878144302712098,0.0,0.0,0.0,0.0,0.0,6.235283152660202,2.0611625809583556,0.0,9.41039191170065,7.900627151775409,0.0,0.0,0.0,0.0,0.0,0.0,inf,0.0,20.270018947463093,0.0,0.0,0.0,0.0,0.0,0.0,0.0,0.0,0.0,inf,19.70100862589456,2.0114767937123434,0.7310895819898211,0.0,0.0,0.0,0.0,1.9021553736686354,2.8103512816647345,0.0,0.0,17.283278680729026,0.0,0.0,0.0,0.0,3.445508650966087,3.418878292212212,0.0,28.150727143426984,17.122519187566514,0.0,4.256723342581415,3.8821909386024505,14.143931667758626
2021-04-24,0.0,0.0,0.0,0.0,0.0,0.0,7.493034684297408,13.384805674236178,0.0,0.0,9.01032899610593,9.663819675476539,0.0,0.0,0.0,0.0,12.514221905669096,6.547607261302221,0.0,13.661741146573297,0.0,0.0,0.0,0.0,0.0,0.0,17.97443097677556,0.0,14.52942390817166,0.0,0.0,25.981158528582977,0.0,24.188765136727543,0.0,0.0,0.0,0.0,8.441292635905688,0.0,0.0,0.0,0.0,0.0,6.611308740906035,2.0966293588669727,0.0,8.932126858351358,7.469011349436879,0.0,0.0,0.0,0.0,0.0,0.0,inf,0.0,18.737226963115642,0.0,0.0,0.0,0.0,0.0,0.0,0.0,0.0,0.0,inf,18.88491973630763,1.9743712266906428,0.7049086969243211,0.0,0.0,0.0,0.0,1.8276962834670143,2.819116502223756,0.0,0.0,16.985094103429695,0.0,0.0,0.0,0.0,3.4150271552502014,3.2841847189075555,0.0,27.48898150786151,20.600493660673443,0.0,4.336915026278457,3.6816867688943153,13.371195627695501
2021-04-25,0.0,0.0,0.0,0.0,0.0,0.0,6.388962866971114,11.946393317923103,0.0,0.0,8.076517203849184,9.226452308870869,0.0,0.0,0.0,0.0,11.436323362370873,5.94851894470573,0.0,12.22821381806658,0.0,0.0,0.0,0.0,0.0,0.0,13.369518801125082,0.0,13.003395107289053,0.0,0.0,23.27687387947619,0.0,21.88927213532363,0.0,0.0,0.0,0.0,7.566765988341441,0.0,0.0,0.0,0.0,0.0,6.422122436111971,1.9811574067606967,0.0,7.955534935101167,6.682851593747502,0.0,0.0,0.0,0.0,0.0,0.0,inf,0.0,16.68266986242359,0.0,0.0,0.0,0.0,0.0,0.0,0.0,0.0,0.0,inf,17.454487665550733,3.2587920563656656,0.6761650163206112,0.0,0.0,0.0,0.0,1.6714646117053908,2.6067290618872536,0.0,0.0,9.162511159593723,0.0,0.0,0.0,0.0,3.246597357562798,3.0182077080610368,0.0,24.595469831002966,17.418665016557203,0.0,3.9190589413520556,3.3039279714728553,12.033503316024914
2021-04-26,0.0,0.0,0.0,0.0,0.0,0.0,5.877546155601069,12.03845637872275,0.0,0.0,8.548271615112702,9.026966645737756,0.0,0.0,0.0,0.0,11.624277206184761,6.0410366386476895,0.0,12.255709271736677,0.0,0.0,0.0,0.0,0.0,0.0,13.405183179835134,0.0,13.037712083933767,0.0,0.0,23.33890607329046,0.0,21.634568431991138,0.0,0.0,0.0,0.0,7.541020358448082,0.0,0.0,0.0,0.0,0.0,6.166646677265727,2.0945535331883245,0.0,7.828862845885726,6.702534393699462,0.0,0.0,0.0,0.0,0.0,0.0,inf,0.0,16.613194710262245,0.0,0.0,0.0,0.0,0.0,0.0,0.0,0.0,0.0,inf,16.77827188182622,2.5373564382380644,0.7049264519199576,0.0,0.0,0.0,0.0,1.720365957174693,2.714110353737719,0.0,0.0,9.083956940277178,0.0,0.0,0.0,0.0,3.1153434732814307,3.11394261044662,0.0,24.88222158871017,16.851170576571686,0.0,4.133570816828052,3.324637609464349,12.06641974341805
2021-04-27,0.0,0.0,0.0,0.0,0.0,0.0,6.480394573031035,13.875854355960396,0.0,0.0,10.007984313707674,9.751819037428481,0.0,0.0,0.0,0.0,14.110531804998658,5.852118415766591,0.0,14.38438938404687,0.0,0.0,0.0,0.0,0.0,0.0,15.733534988138834,0.0,15.306397910032828,0.0,0.0,27.463012805495886,0.0,29.137728148555542,0.0,0.0,0.0,0.0,8.635094042333105,0.0,0.0,0.0,0.0,0.0,6.585293764974577,3.0569878945151343,0.0,9.247762381567437,7.86620420367522,0.0,0.0,0.0,0.0,0.0,0.0,inf,0.0,19.22549101465329,0.0,0.0,0.0,0.0,0.0,0.0,0.0,0.0,0.0,inf,26.971137657744382,2.5006807758455087,0.8255870404110753,0.0,0.0,0.0,0.0,1.8362051943491005,2.3372667551267745,0.0,0.0,10.769628590438817,0.0,0.0,0.0,0.0,3.340739628498278,3.3249190199918677,0.0,28.67851538307064,16.653813312568552,0.0,4.902819357721468,3.91272721335739,14.163688523819754
2021-04-28,0.0,0.0,0.0,0.0,0.0,0.0,7.10310362642297,15.510502975257111,0.0,0.0,8.79091797302565,10.481912427409492,0.0,0.0,0.0,0.0,15.916508521668227,6.424417487114802,0.0,16.062131429260955,0.0,0.0,0.0,0.0,0.0,0.0,17.568596550521608,0.0,17.05154645189344,0.0,0.0,20.185334225886322,0.0,31.720185183466203,0.0,0.0,0.0,0.0,9.395123425389412,0.0,0.0,0.0,0.0,0.0,7.055372455940138,3.0593507756087543,0.0,10.354552326623336,8.889005360009666,0.0,0.0,0.0,0.0,0.0,0.0,inf,0.0,21.494195923177355,0.0,0.0,0.0,0.0,0.0,0.0,0.0,0.0,0.0,inf,30.696948840830977,2.8203044835696796,0.9174927432080563,0.0,0.0,0.0,0.0,2.0217102154711863,2.555871601165393,0.0,0.0,13.28884196187218,0.0,0.0,0.0,0.0,3.569849210345538,3.670406683972368,0.0,30.787571139898073,19.680905923694176,0.0,5.5768451918126045,4.368293186579645,15.814180328181546
2021-04-29,0.0,0.0,0.0,0.0,0.0,0.0,6.700009282929396,15.690227246104103,0.0,0.0,8.426475883847989,9.554186747063975,0.0,0.0,0.0,0.0,6.327208720995955,6.639932314467223,0.0,15.390559503752424,0.0,0.0,0.0,0.0,0.0,0.0,16.834912796618077,0.0,16.35088367625428,0.0,0.0,30.646726186522166,0.0,28.012216143600792,0.0,0.0,0.0,0.0,8.579137322366888,0.0,0.0,0.0,0.0,0.0,10.102133309871967,1.7214072602748252,0.0,10.521883373856168,8.516313555546784,0.0,0.0,0.0,0.0,0.0,0.0,inf,0.0,17.281987271188118,0.0,0.0,0.0,0.0,0.0,0.0,0.0,0.0,0.0,inf,25.037459958384773,2.8825226119765768,1.6652745241681717,0.0,0.0,0.0,0.0,1.9437193936114094,1.7600727956619533,0.0,0.0,13.113108861488868,0.0,0.0,0.0,0.0,3.356178097650659,3.316070191525184,0.0,26.7208004845793,18.394757808366784,0.0,5.146241756071277,4.1582234649997245,15.154655404080172
2021-04-30,0.0,0.0,0.0,19.654753189085085,0.0,0.0,6.728888187867087,15.288513407232715,0.0,0.0,8.239279160933384,9.605636531209147,0.0,0.0,0.0,0.0,6.720223109178794,6.667465083063286,0.0,15.285105912755052,0.0,0.0,0.0,0.0,0.0,0.0,16.71967502092866,0.0,16.210758819262068,0.0,0.0,30.470319012618184,0.0,25.65255767716056,0.0,0.0,0.0,0.0,8.523759632845602,0.0,0.0,0.0,0.0,0.0,9.852558131606632,1.748303708846482,0.0,10.448246366928368,8.457459552659863,0.0,0.0,0.0,0.0,0.0,0.0,inf,0.0,17.29403433250901,0.0,0.0,0.0,0.0,0.0,0.0,0.0,0.0,0.0,inf,25.319051780004298,2.712665625793345,1.5603415759079833,0.0,0.0,0.0,0.0,2.0961387712227975,1.7458585042373815,0.0,0.0,12.913474910603842,0.0,0.0,0.0,0.0,3.239993157052185,3.7027032225559373,0.0,25.817748150014317,17.860335146428522,0.0,5.123820622828608,4.135816557550143,15.050659765816965
2021-05-01,0.0,0.0,0.0,23.4165342206742,0.0,0.0,7.631772413203997,16.592203853471364,0.0,0.0,8.52925083987224,10.684128327497387,0.0,0.0,0.0,0.0,7.63954493291124,6.884131270873957,0.0,16.82123294928857,0.0,0.0,0.0,0.0,0.0,0.0,18.554833376575992,0.0,17.858402705115687,0.0,0.0,33.59903016312203,0.0,28.243691956191398,0.0,0.0,0.0,0.0,9.349840829461167,0.0,0.0,0.0,0.0,0.0,10.770092319858186,1.8018171272842294,0.0,11.489194191037713,9.316437377063844,0.0,0.0,0.0,0.0,0.0,0.0,inf,0.0,18.95116611179069,0.0,0.0,0.0,0.0,0.0,0.0,0.0,0.0,0.0,inf,27.8822672226182,2.7677099356311556,1.5181162372647832,0.0,0.0,0.0,0.0,2.2715156035520585,2.023225509006048,0.0,0.0,14.989268314987694,0.0,0.0,0.0,0.0,3.492197735113823,4.266491240562942,0.0,28.150287847122364,19.97655161983784,0.0,6.207528654149038,4.5655723690457055,16.58063198578311
2021-05-02,0.0,0.0,0.0,23.70707658900776,0.0,0.0,7.586851135375593,16.804395945142574,0.0,0.0,8.289162470330517,10.27221739820626,0.0,0.0,0.0,0.0,8.446400715492103,6.967764969918035,0.0,17.229786821491118,0.0,0.0,0.0,0.0,0.0,0.0,23.39854906901528,0.0,18.29061220467621,0.0,0.0,32.2027262721746,0.0,28.461626759247853,0.0,0.0,0.0,0.0,9.402897415387773,0.0,0.0,0.0,0.0,0.0,10.404655278173726,1.8461228373896683,0.0,11.832707701120103,9.469653995969278,0.0,0.0,0.0,0.0,0.0,0.0,inf,0.0,19.618950528462204,0.0,0.0,0.0,0.0,0.0,0.0,0.0,0.0,0.0,inf,28.908315551382568,2.842744944475686,1.3882742341029053,0.0,0.0,0.0,0.0,2.3450684913172473,2.10898889723219,0.0,0.0,15.361539921253407,0.0,0.0,0.0,0.0,3.303899312598914,4.489114430272954,0.0,27.891478780945,20.485251866664957,0.0,6.356670821318669,4.648577798629021,16.179537628618405
2021-05-03,0.0,0.0,0.0,22.77231485719664,0.0,0.0,7.154223296463204,15.892932951248683,0.0,0.0,7.9008888667425365,9.518543889294627,0.0,0.0,0.0,0.0,8.470551625141324,6.885120352286892,0.0,16.518737536243368,0.0,0.0,0.0,0.0,0.0,0.0,30.137914332993564,0.0,17.530475850836645,0.0,0.0,34.26694808978739,0.0,27.247853080981187,0.0,0.0,0.0,0.0,9.015231354395834,0.0,0.0,0.0,0.0,0.0,9.926156788199831,1.8172583309975818,0.0,11.343357689513125,9.063527209006486,0.0,0.0,0.0,0.0,0.0,0.0,inf,0.0,19.019582921332564,0.0,0.0,0.0,0.0,0.0,0.0,0.0,0.0,0.0,inf,28.28882931881439,2.577274817745919,1.4261007570472988,0.0,0.0,0.0,0.0,2.33415927395655,2.0686530986992984,0.0,0.0,14.441572890981034,0.0,0.0,0.0,0.0,3.2233635185072678,4.473680457012808,0.0,26.534999783858638,19.456657518391555,0.0,6.058973810600802,4.464521039789799,17.8849583266911
2021-05-04,0.0,0.0,0.0,22.265416456703615,0.0,0.0,6.87958833361192,15.038400052679151,0.0,0.0,7.75022479593482,8.138032793753665,0.0,0.0,0.0,0.0,10.295947848796496,6.724347190485259,0.0,16.13438521999117,0.0,0.0,0.0,0.0,0.0,0.0,26.055904267697645,0.0,17.38899382585376,0.0,0.0,34.03255002777882,0.0,27.851959727772872,0.0,0.0,0.0,0.0,9.094772680973874,0.0,0.0,0.0,0.0,0.0,8.488358675171765,1.8174960634933746,0.0,11.50373174851995,8.988841816171155,0.0,0.0,0.0,0.0,0.0,0.0,inf,0.0,18.9751436007508,0.0,0.0,0.0,0.0,0.0,0.0,0.0,0.0,0.0,inf,27.77186723492275,2.4677706115486213,1.3736293735141518,0.0,0.0,0.0,0.0,2.2959551014642647,2.0696982746939123,0.0,0.0,14.105244679787418,0.0,0.0,0.0,0.0,2.7362720381049184,4.416469528473421,0.0,25.978711205536698,20.10204201738905,0.0,6.1557910539073575,4.437466207811333,17.785364908478087
2021-05-05,0.0,0.0,0.0,15.862792245514548,0.0,0.0,6.012552435400573,12.62762058070167,0.0,0.0,7.117374955576669,7.739275126228895,0.0,0.0,0.0,0.0,9.009346316450257,6.228526634296429,0.0,14.060156292317775,0.0,0.0,0.0,0.0,0.0,0.0,16.772666387473965,0.0,15.091573640193124,0.0,0.0,29.668625448679602,0.0,23.259333422183772,0.0,0.0,0.0,0.0,7.909531484488051,0.0,0.0,0.0,0.0,0.0,7.603459615325386,1.7110520587244815,0.0,9.09367068853691,7.832399206737859,0.0,0.0,0.0,0.0,0.0,0.0,inf,0.0,18.859572575889228,0.0,0.0,0.0,0.0,0.0,0.0,0.0,0.0,0.0,inf,23.976737971577176,2.335994966445298,1.2719843899451502,0.0,0.0,0.0,0.0,2.1760083696553836,1.9259338930792003,0.0,0.0,12.15465968685583,0.0,0.0,0.0,0.0,2.4766516357462693,4.117664000769391,0.0,22.796815688869515,14.974358709215835,0.0,5.3626605151253095,3.8231626300345107,15.499874713625697
2021-05-06,0.0,0.0,0.0,15.563951515403057,0.0,0.0,6.146702630453081,13.880836106960656,0.0,0.0,7.92977792034638,7.824451539770147,0.0,0.0,0.0,0.0,10.166382612856493,6.647472487366128,0.0,15.467158604054804,0.0,0.0,0.0,0.0,0.0,0.0,18.45246521612662,0.0,16.615012379923307,0.0,0.0,30.652063917297028,0.0,25.673861553756055,0.0,0.0,0.0,0.0,9.053092880501751,0.0,0.0,0.0,0.0,0.0,15.14721589327215,1.7784468930615411,0.0,9.239634083896997,8.612998290973865,0.0,0.0,0.0,0.0,0.0,0.0,inf,0.0,20.79092596759413,0.0,0.0,0.0,0.0,0.0,0.0,0.0,0.0,0.0,inf,26.07183402153051,2.4478202348180216,1.2514397602517964,0.0,0.0,0.0,0.0,2.2160160003159053,1.9789279807397655,0.0,0.0,13.153461988110243,0.0,0.0,0.0,0.0,2.314553891496591,4.215787705145627,0.0,23.592160607490435,16.14698989675282,0.0,5.911000177909212,4.205146851548557,17.05614398354473
2021-05-07,0.0,0.0,0.0,15.672026580032341,0.0,0.0,6.64385305062229,14.590946446317126,0.0,0.0,7.638362980377463,8.349333380595478,0.0,0.0,0.0,0.0,11.604529151304883,7.0886821353618785,0.0,16.236592826236574,0.0,0.0,0.0,0.0,0.0,0.0,19.37030060503654,0.0,16.884772118634967,0.0,0.0,30.21730046956817,0.0,28.859201942166994,0.0,0.0,0.0,0.0,6.835294425317749,0.0,0.0,0.0,0.0,0.0,15.907646056363053,1.914783089700074,0.0,11.57468191017275,8.162816506210024,0.0,0.0,0.0,0.0,0.0,0.0,inf,0.0,21.060889780808147,0.0,0.0,0.0,0.0,0.0,0.0,0.0,0.0,0.0,inf,26.419790890276364,2.598104370264509,1.3107183551381512,0.0,0.0,0.0,0.0,2.364138146728251,2.1153372125405614,0.0,0.0,13.780273588459652,0.0,0.0,0.0,0.0,2.426572887759459,4.4960124172571865,0.0,25.05390954822375,16.34920381873076,0.0,4.668647412649182,4.423228569092089,17.90365283862714
2021-05-08,0.0,0.0,0.0,18.520027760906117,0.0,0.0,7.604937231992714,16.92714537189198,0.0,0.0,7.68239980057433,8.905247222951289,0.0,0.0,0.0,0.0,13.374848541167758,8.13696472461341,0.0,18.20377232010025,0.0,0.0,0.0,0.0,0.0,0.0,21.692384662580384,0.0,18.826540346491385,0.0,0.0,58.738199237332246,0.0,31.116065294885832,0.0,0.0,0.0,0.0,7.592775385840887,0.0,0.0,0.0,0.0,0.0,16.289417135243813,2.1583999391047097,0.0,17.85211717640895,9.159076169604006,0.0,0.0,0.0,0.0,0.0,0.0,inf,0.0,22.58889834273879,0.0,0.0,0.0,0.0,0.0,0.0,0.0,0.0,0.0,inf,32.746171788224196,2.8718867521278986,1.4496531765652714,0.0,0.0,0.0,0.0,2.729342665146605,2.325038073073076,0.0,0.0,15.450989077244298,0.0,0.0,0.0,0.0,2.1681277014020934,4.980905280316762,0.0,27.923074728200586,18.05485446549323,0.0,10.874580870680225,4.9734132402659395,19.856015319952743
2021-05-09,0.0,0.0,0.0,18.273559947042244,0.0,0.0,7.427044151502707,16.510535242614857,0.0,0.0,7.577990182667794,7.779531450626151,0.0,0.0,0.0,0.0,12.87599662145372,7.726729851971678,0.0,17.76682152885077,0.0,0.0,0.0,0.0,0.0,0.0,21.171686261718275,0.0,18.427021647378073,0.0,0.0,44.955965085567236,0.0,29.55684847976041,0.0,0.0,0.0,0.0,7.32572241203095,0.0,0.0,0.0,0.0,0.0,13.081076295077128,2.064777139130779,0.0,13.811177326038933,8.93832466594994,0.0,0.0,0.0,0.0,0.0,0.0,inf,0.0,21.40285505794572,0.0,0.0,0.0,0.0,0.0,0.0,0.0,0.0,0.0,inf,34.39462918970067,2.7023221061331273,1.136583140558569,0.0,0.0,0.0,0.0,3.0628302188269854,2.2123871120990395,0.0,0.0,14.7739022396041,0.0,0.0,0.0,0.0,1.745859340828794,4.765853132395515,0.0,26.751527164542487,18.653861711964048,0.0,8.116834953549095,4.844495776444615,19.37510756056581
2021-05-10,0.0,0.0,0.0,17.618807851896786,0.0,0.0,7.116562770085798,15.694103249318472,0.0,0.0,6.999502747774031,7.471769483870237,0.0,0.0,0.0,0.0,12.339777192413292,7.522767747319101,0.0,17.09196549022003,0.0,0.0,0.0,0.0,0.0,0.0,20.4024238050933,0.0,17.757868820904044,0.0,0.0,31.51200000630955,0.0,28.692849293267344,0.0,0.0,0.0,0.0,7.054329712005157,0.0,0.0,0.0,0.0,0.0,12.455251839640736,2.0088413701082315,0.0,13.27596198561643,8.612655752178329,0.0,0.0,0.0,0.0,0.0,0.0,inf,0.0,20.160999351314146,0.0,0.0,0.0,0.0,0.0,0.0,0.0,0.0,0.0,inf,31.31625381872121,2.6236444279451496,0.9016526269872754,0.0,0.0,0.0,0.0,2.980236562833333,2.1526437870728032,0.0,0.0,14.214445667349048,0.0,0.0,0.0,0.0,1.642489854836836,4.636751725935969,0.0,25.530975603123736,17.886165350383397,0.0,5.571859787824516,4.6523072767748355,18.668257330288352
2021-05-11,0.0,0.0,0.0,16.099704033888866,0.0,0.0,6.460339840492854,14.192449244138203,0.0,0.0,6.3112669730007624,6.665012411772045,0.0,0.0,0.0,0.0,14.860667301643957,7.010067467352423,0.0,15.4026863999198,0.0,0.0,0.0,0.0,0.0,0.0,18.386375699225933,0.0,16.002183527575692,0.0,0.0,28.38068480887342,0.0,25.729505376724575,0.0,0.0,0.0,0.0,6.4689257492267505,0.0,0.0,0.0,0.0,0.0,11.066743191690339,1.8852140521308343,0.0,11.51911064158639,7.76080535009399,0.0,0.0,0.0,0.0,0.0,0.0,inf,0.0,17.7920290599226,0.0,0.0,0.0,0.0,0.0,0.0,0.0,0.0,0.0,inf,28.19187467316466,2.4354682806334504,0.6959626913529798,0.0,0.0,0.0,0.0,2.796075980584082,2.0205635599550713,0.0,0.0,12.806342580693627,0.0,0.0,0.0,0.0,1.466127540540099,4.35138355864471,0.0,22.80763310500418,16.331435927898173,0.0,5.453374735715424,9.133881753742239,16.821648697329223
2021-05-12,0.0,0.0,0.0,17.305608440501768,0.0,0.0,8.99242169852168,15.270928471965494,0.0,0.0,6.76481222248317,6.652452368046584,0.0,0.0,0.0,0.0,15.97678547384451,7.375350441635958,0.0,16.50961524367202,0.0,0.0,0.0,0.0,0.0,0.0,19.707666442515162,0.0,17.14525785487986,0.0,0.0,30.420139111631357,0.0,28.015034844167058,0.0,0.0,0.0,0.0,6.918387283224046,0.0,0.0,0.0,0.0,0.0,11.01956247987476,1.984197218513592,0.0,10.685075678132138,8.31780715667,0.0,0.0,0.0,0.0,0.0,0.0,inf,0.0,18.234847100110017,0.0,0.0,0.0,0.0,0.0,0.0,0.0,0.0,0.0,inf,30.109101950591562,2.5634146392408126,0.7325247385394675,0.0,0.0,0.0,0.0,2.9429685757003767,2.127464314556488,0.0,0.0,12.997650303530936,0.0,0.0,0.0,0.0,1.4887652861437517,4.579975649681775,0.0,24.35413738610823,17.24763917538728,0.0,6.008425512776811,9.42784146929485,15.551929581155
2021-05-13,0.0,0.0,0.0,17.015025599944437,0.0,0.0,8.01770160530541,15.128875182657463,0.0,0.0,6.8611188580604265,7.202553922889347,0.0,0.0,0.0,0.0,13.189442851290407,8.551829663026545,0.0,16.35670835183377,0.0,0.0,0.0,0.0,0.0,0.0,19.5260773756711,0.0,16.992510905010068,0.0,0.0,30.142387944343252,0.0,28.23091872076735,0.0,0.0,0.0,0.0,6.839063853006803,0.0,0.0,0.0,0.0,0.0,11.714185421375284,2.239370743296205,0.0,9.994422381865169,8.238559952350377,0.0,0.0,0.0,0.0,0.0,0.0,inf,0.0,17.508926112470856,0.0,0.0,0.0,0.0,0.0,0.0,0.0,0.0,0.0,inf,32.017476680411406,2.886696754453625,0.8667197978260269,0.0,0.0,0.0,0.0,3.3188317085993466,2.4061253152612276,0.0,0.0,12.853417398269901,0.0,0.0,0.0,0.0,1.6402248342604988,5.1645434691348315,0.0,23.88071855272789,17.130050064752314,0.0,5.863907645761046,4.7973286134723105,15.40921683014425
2021-05-14,0.0,0.0,0.0,23.816828109176313,0.0,0.0,7.451535143187337,15.010740262656613,0.0,0.0,7.2908318129842495,7.537244423444656,0.0,0.0,0.0,0.0,13.280884992541885,8.534308940017363,0.0,16.24437858437196,0.0,0.0,0.0,0.0,0.0,0.0,19.417805656226054,0.0,16.847774201168228,0.0,0.0,30.364290533552342,0.0,26.845156840413136,0.0,0.0,0.0,0.0,6.792550654587437,0.0,0.0,0.0,0.0,0.0,12.08733652944353,2.228376767524651,0.0,9.982751813832262,8.191963518315433,0.0,0.0,0.0,0.0,0.0,0.0,inf,0.0,17.89515270127025,0.0,0.0,0.0,0.0,0.0,0.0,0.0,0.0,0.0,inf,31.875532549397928,2.848085047121509,0.8640887284538084,0.0,0.0,0.0,0.0,3.3050159529444763,2.445348552351248,0.0,0.0,12.691076357801553,0.0,0.0,0.0,0.0,1.6115286581524768,5.139436111902301,0.0,23.993136253025266,17.152233966994046,0.0,5.850885386771451,4.776952441428558,15.522088035325957
2021-05-15,0.0,0.0,0.0,25.688430547579287,0.0,0.0,6.184877315572195,15.633672530546171,0.0,0.0,10.687404813667111,7.5588868711574495,0.0,0.0,0.0,0.0,12.702027647422096,8.463101689621205,0.0,17.679530228610222,0.0,0.0,0.0,0.0,0.0,0.0,21.134594053131025,0.0,18.33798703937334,0.0,0.0,32.34662900462539,0.0,27.87069807768817,0.0,0.0,0.0,0.0,7.402716000326453,0.0,0.0,0.0,0.0,0.0,12.06733563409539,2.428295393137956,0.0,10.8465280080218,8.915304564994067,0.0,0.0,0.0,0.0,0.0,0.0,inf,0.0,20.588894736128,0.0,0.0,0.0,0.0,0.0,0.0,0.0,0.0,0.0,inf,22.4460098801678,3.026337170576295,1.150682142778965,0.0,0.0,0.0,0.0,3.687955826336907,2.6694573997935263,0.0,0.0,13.825665265941284,0.0,0.0,0.0,0.0,1.5955218856562523,5.599949002381003,0.0,25.898620112717325,21.813664048290715,0.0,6.347463940051272,4.997459412068579,16.900954079646034
2021-05-16,0.0,0.0,0.0,19.23017931034509,0.0,0.0,5.5305395531774595,12.994267631535553,0.0,0.0,6.256643831441884,7.4076635588019135,0.0,0.0,0.0,0.0,10.746517802473338,7.776749126566772,0.0,15.343447595876865,0.0,0.0,0.0,0.0,0.0,0.0,18.341988831915877,0.0,15.954465157989214,0.0,0.0,28.488370621885622,0.0,23.887570093935338,0.0,0.0,0.0,0.0,6.305916473669678,0.0,0.0,0.0,0.0,0.0,9.881547568579935,2.2766754446019326,0.0,9.048256956075278,7.73634331866143,0.0,0.0,0.0,0.0,0.0,0.0,inf,0.0,16.54594529708054,0.0,0.0,0.0,0.0,0.0,0.0,0.0,0.0,0.0,inf,19.3583492137519,2.7478780398246663,1.073804090164361,0.0,0.0,0.0,0.0,3.4356447641961636,2.4726997712226395,0.0,0.0,12.010205674444624,0.0,0.0,0.0,0.0,1.541649687018701,5.8327852867446035,0.0,22.295154224855835,18.284845827499282,0.0,5.83495744265515,3.9048784665850365,14.154133346022583
2021-05-17,0.0,0.0,0.0,16.396333558357114,0.0,0.0,5.884431059794258,13.342405851188536,0.0,0.0,6.246579560666291,7.720414050894223,0.0,0.0,0.0,0.0,11.147090417433086,7.809706074073854,0.0,15.59912180659797,0.0,0.0,0.0,0.0,0.0,0.0,18.647450265393267,0.0,16.351999108966563,0.0,0.0,28.08394583025492,0.0,24.499661883258995,0.0,0.0,0.0,0.0,6.546048554956772,0.0,0.0,0.0,0.0,0.0,10.08431519594611,2.332653551921254,0.0,9.418616985087272,7.864339360085765,0.0,0.0,0.0,0.0,0.0,0.0,inf,0.0,16.789087362698446,0.0,0.0,0.0,0.0,0.0,0.0,0.0,0.0,0.0,inf,19.546305548393892,2.8034682511948112,1.101858693994341,0.0,0.0,0.0,0.0,3.563693580575713,2.5321174232508072,0.0,0.0,12.482543117748888,0.0,0.0,0.0,0.0,1.6166423533467422,6.370550574188767,0.0,22.478096314262796,17.474549170262012,0.0,5.965090755197027,4.107291393735775,14.391372311931908
2021-05-18,0.0,0.0,0.0,16.266153743885557,0.0,0.0,5.36143933998225,12.70469668037933,0.0,0.0,6.629364781391622,7.878202988643228,0.0,0.0,0.0,0.0,11.250089891806748,7.785833400376547,0.0,14.859689985755164,0.0,0.0,0.0,0.0,0.0,0.0,19.494009285870746,0.0,15.46977499300744,0.0,0.0,26.581716882851747,0.0,22.908339428338458,0.0,0.0,0.0,0.0,6.259874946267198,0.0,0.0,0.0,0.0,0.0,9.724989974432177,2.437941253109195,0.0,9.575237943778147,7.442874550272963,0.0,0.0,0.0,0.0,0.0,0.0,inf,0.0,15.274857915817378,0.0,0.0,0.0,0.0,0.0,0.0,0.0,0.0,0.0,inf,19.119367270536078,2.7524718554696888,1.1159340686549888,0.0,0.0,0.0,0.0,3.5583269523132914,2.556045879437618,0.0,0.0,11.796801929068643,0.0,0.0,0.0,0.0,1.65509345263753,6.454834198317222,0.0,21.153154744276318,16.08686089366999,0.0,5.637247581089405,4.0468192809157175,13.62808888391358
2021-05-19,0.0,0.0,0.0,17.794806665321573,0.0,0.0,5.917284062443384,13.757109691347367,0.0,0.0,7.882964445169089,8.523292143953041,0.0,0.0,0.0,0.0,11.638251064042239,8.915816535043415,0.0,16.95390354218248,0.0,0.0,0.0,0.0,0.0,0.0,22.270035266724573,0.0,17.605007414270638,0.0,0.0,29.484165113695227,0.0,26.09783597514707,0.0,0.0,0.0,0.0,7.5308069578816985,0.0,0.0,0.0,0.0,0.0,10.204211603559083,2.8297158196423444,0.0,9.975383657289006,8.501846778962571,0.0,0.0,0.0,0.0,0.0,0.0,inf,0.0,16.200009938715706,0.0,0.0,0.0,0.0,0.0,0.0,0.0,0.0,0.0,inf,30.78990063678304,3.1641343271089006,1.2964233312767512,0.0,0.0,0.0,0.0,4.167469689378718,2.980871704315344,0.0,0.0,13.056883150668853,0.0,0.0,0.0,0.0,1.813733687753683,7.536356818828725,0.0,24.194828465054258,17.420901033205723,0.0,6.480208415961301,4.656866760975116,15.21229211441664
2021-05-20,0.0,0.0,0.0,14.171561501671798,0.0,0.0,3.372846030592757,6.824754488957378,0.0,0.0,3.9635124108742286,6.261893176387148,0.0,0.0,0.0,0.0,6.838517470538681,5.447552086039878,0.0,8.854941877760488,0.0,0.0,0.0,0.0,0.0,0.0,11.63209745062027,0.0,9.19893682207322,0.0,0.0,15.793215952370565,0.0,17.6035745939591,0.0,0.0,0.0,0.0,4.348393125309859,0.0,0.0,0.0,0.0,0.0,8.496668743258809,0.3628025070186456,0.0,5.120473706788555,0.0,0.0,0.0,0.0,0.0,0.0,0.0,inf,0.0,8.724233160150781,0.0,0.0,0.0,0.0,0.0,0.0,0.0,0.0,0.0,inf,14.688567148386502,1.7403547619966313,1.0809158888950647,0.0,0.0,0.0,0.0,2.5426446780342,1.998136851105408,0.0,0.0,6.527234924266567,0.0,0.0,0.0,0.0,1.7288451070734026,5.012235050570328,0.0,23.245959767794513,9.766941284616347,0.0,3.230353004207193,1.350797718129824,7.592378717237606
2021-05-21,0.0,0.0,0.0,11.739222570391187,0.0,0.0,3.782028271984749,7.2049793037927605,0.0,0.0,4.373745454859748,6.090802846055621,0.0,0.0,0.0,0.0,7.580186474638441,5.431672842602001,0.0,9.631819363849841,0.0,0.0,0.0,0.0,0.0,0.0,14.436805320609963,0.0,9.914799419851597,0.0,0.0,19.950335478400895,0.0,18.705338229276805,0.0,0.0,0.0,0.0,4.940101860277391,0.0,0.0,0.0,0.0,0.0,8.305093206567479,0.36386913666562354,0.0,5.534857117632407,0.0,0.0,0.0,0.0,0.0,0.0,0.0,inf,0.0,9.48830545312837,0.0,0.0,0.0,0.0,0.0,0.0,0.0,0.0,0.0,inf,16.31884685386735,1.745313977218167,1.0787097870789897,0.0,0.0,0.0,0.0,2.5531936586456925,1.9034375977360303,0.0,0.0,7.131095616787222,0.0,0.0,0.0,0.0,1.6817664858154544,5.013807709828432,0.0,23.570627674188326,9.165126494924507,0.0,3.5740973915259966,1.517869821468592,8.16195406473614
2021-05-22,0.0,0.0,0.0,10.29904784020123,0.0,0.0,3.2780104231841896,5.976202718948338,0.0,0.0,3.776201666401533,6.059972734487687,0.0,0.0,0.0,0.0,6.69833716315683,5.929334823612733,0.0,8.172138200889654,0.0,0.0,0.0,0.0,0.0,0.0,12.2491127769915,0.0,8.655065799758429,0.0,0.0,16.938367866117,0.0,16.208748428155285,0.0,0.0,0.0,0.0,4.046221007710426,0.0,0.0,0.0,0.0,0.0,8.027886100935296,0.3263989545385951,0.0,4.755693738711246,4.060595010378827,0.0,0.0,0.0,0.0,0.0,0.0,inf,0.0,8.195577292650038,0.0,0.0,0.0,0.0,0.0,0.0,0.0,0.0,0.0,inf,11.346465813846812,2.279299687525054,1.248943453840455,0.0,0.0,0.0,0.0,2.358249864368536,2.004727870761194,0.0,0.0,6.184693177469374,0.0,0.0,0.0,0.0,1.6281783819296256,4.602129070051405,0.0,20.149226047003708,7.728162197779068,0.0,3.0386929988281546,1.2955214370494774,7.041069288082044
2021-05-23,0.0,0.0,0.0,8.521666407305759,0.0,0.0,3.0489738718497197,5.531724062309821,0.0,0.0,3.471576774556515,5.597276515254767,0.0,0.0,0.0,0.0,6.167725684244695,4.519345508942852,0.0,7.25419422969004,0.0,0.0,0.0,0.0,0.0,0.0,10.89995866532515,0.0,7.521833211486871,0.0,0.0,15.186907367014982,0.0,14.710349391003364,0.0,0.0,0.0,0.0,3.6768671623009554,0.0,0.0,0.0,0.0,0.0,7.415895778759706,0.28810350095042003,0.0,4.52104308368149,3.540319684464816,0.0,0.0,0.0,0.0,0.0,0.0,inf,0.0,7.239792696928177,0.0,0.0,0.0,0.0,0.0,0.0,0.0,0.0,0.0,inf,11.126583524532007,1.3579096048164787,0.8695163117007795,0.0,0.0,0.0,0.0,2.0780717588360478,1.5778873297889078,0.0,0.0,5.488752657929629,0.0,0.0,0.0,0.0,1.3120660420842891,4.085045335782812,0.0,17.536331809608143,6.795826761834841,0.0,2.4547668134509677,1.1597509442959395,6.171391458210214
2021-05-24,0.0,0.0,0.0,6.971569995493275,0.0,0.0,2.5229689996297067,4.765157699511713,0.0,0.0,3.100912779981603,5.078632799434077,0.0,0.0,0.0,0.0,5.107247081062106,4.925686278532878,0.0,5.951227052477817,0.0,0.0,0.0,0.0,0.0,0.0,8.910041469384913,0.0,6.142180602002193,0.0,0.0,12.373537201949015,0.0,14.132240777243934,0.0,0.0,0.0,0.0,3.249815233657563,0.0,0.0,0.0,0.0,0.0,6.66074543859613,0.25222452037914533,0.0,3.766165108621896,1.3707886626100831,0.0,0.0,0.0,0.0,0.0,0.0,inf,0.0,6.128667431944101,0.0,0.0,0.0,0.0,0.0,0.0,0.0,0.0,0.0,inf,9.093492237765824,1.208430720284059,0.7958181304398678,0.0,0.0,0.0,0.0,1.8077176590637516,1.4546155822503257,0.0,0.0,4.396188518795525,0.0,0.0,0.0,0.0,1.3904898023675185,3.52672059679115,0.0,17.900413835746885,5.473053413122473,0.0,2.0376341197896988,0.9513527749076333,5.18981310684103
2021-05-25,0.0,0.0,0.0,8.750310171800454,0.0,0.0,2.884948809771552,6.4639219140841435,0.0,0.0,3.7806661704618723,4.975439555157443,0.0,0.0,0.0,0.0,6.396525650077408,5.520276172787129,0.0,7.2204917692517165,0.0,0.0,0.0,0.0,0.0,0.0,11.265423338472772,0.0,7.232872576426853,0.0,0.0,12.943460004197425,0.0,18.987874495517527,0.0,0.0,0.0,0.0,3.9196654033206886,0.0,0.0,0.0,0.0,0.0,6.1943509022943894,0.2769684762856988,0.0,4.4743306583393085,1.6630793596428315,0.0,0.0,0.0,0.0,0.0,0.0,inf,0.0,7.262031643409596,0.0,0.0,0.0,0.0,0.0,0.0,0.0,0.0,0.0,inf,11.22576955190949,1.3416389293945192,0.8980055803970843,0.0,0.0,0.0,0.0,1.9593980133759816,1.6385583134932915,0.0,0.0,5.442759424174738,0.0,0.0,0.0,0.0,1.2268487680942548,3.9735413819729155,0.0,19.126142897937523,7.237841389547659,0.0,2.507128132681133,1.1597988931656005,6.237593057998385
2021-05-26,0.0,0.0,0.0,8.520711901117096,0.0,0.0,3.0803895138506956,5.207003140861733,0.0,0.0,4.346122798980573,4.811832742787943,0.0,0.0,0.0,0.0,5.894615580111613,5.482950368736432,0.0,7.127588267685783,0.0,0.0,0.0,0.0,0.0,0.0,12.563260535578848,0.0,6.12119675400414,0.0,0.0,13.628485911333199,0.0,20.598105109500768,0.0,0.0,0.0,0.0,3.860694387535648,0.0,0.0,0.0,0.0,0.0,5.95924364334226,0.27467862841016033,0.0,4.368454191406302,1.6419596763955657,0.0,0.0,0.0,0.0,0.0,0.0,inf,0.0,7.107658145859401,0.0,0.0,0.0,0.0,0.0,0.0,0.0,0.0,0.0,inf,9.843825372931155,1.3241939124248656,0.8968049272168,0.0,0.0,0.0,0.0,1.968881210097146,1.6405044398298378,0.0,0.0,5.550359886292221,0.0,0.0,0.0,0.0,1.1719933447115911,3.8504129871645554,0.0,20.47751315594048,7.550365089955798,0.0,2.524227128701384,1.019365071837649,6.4559420175977005
2021-05-27,0.0,0.0,0.0,27.245842443352807,0.0,0.0,3.344848597776065,5.17492478103131,0.0,0.0,4.457277407681827,4.785156913453815,0.0,0.0,0.0,0.0,6.170420556690711,5.502077681607954,0.0,7.294090812778889,0.0,0.0,0.0,0.0,0.0,0.0,12.85742733270686,0.0,12.357230682650428,0.0,0.0,14.434346561657055,0.0,17.49190820930309,0.0,0.0,0.0,0.0,3.9329612842168973,0.0,0.0,0.0,0.0,0.0,6.982729810053337,0.2725317728388179,0.0,4.4886356817828155,1.6791909636384346,0.0,0.0,0.0,0.0,0.0,0.0,inf,0.0,9.712579971116991,0.0,0.0,0.0,0.0,0.0,0.0,0.0,0.0,0.0,inf,9.881328485546408,1.3180761015210944,0.8904788594134196,0.0,0.0,0.0,0.0,2.4394924260200628,1.6221106822972862,0.0,0.0,42.773824918623795,0.0,0.0,0.0,0.0,1.0787121958489547,5.157524717023194,0.0,22.70512547619665,7.778115938335437,0.0,2.6057708116806864,1.0338927149819332,6.401266552858193
2021-05-28,0.0,0.0,0.0,19.041536630523275,0.0,0.0,3.0013089906892643,4.848986936677596,0.0,0.0,4.226703479142024,4.549392867916042,0.0,0.0,0.0,0.0,6.875835624568399,4.933592073920667,0.0,6.720584493605732,0.0,0.0,0.0,0.0,0.0,0.0,13.619994805537083,0.0,11.388376484551557,0.0,0.0,14.830891222261416,0.0,17.080302446638555,0.0,0.0,0.0,0.0,4.1711154187474575,0.0,0.0,0.0,0.0,0.0,7.9874350717919,0.2287884488753977,0.0,4.304213992432217,1.5472038310437293,0.0,0.0,0.0,0.0,0.0,0.0,inf,0.0,8.9285906634885,0.0,0.0,0.0,0.0,0.0,0.0,0.0,0.0,0.0,inf,9.527503520001547,1.253460051467359,0.8019343914282445,0.0,0.0,0.0,0.0,2.247403590860011,1.5260401364483218,0.0,0.0,21.66966752307095,0.0,0.0,0.0,0.0,0.9947508992823866,4.824455261613549,0.0,20.200547433335363,9.932076646982532,0.0,2.42536966997201,0.9565295001019946,5.8616392498985315
2021-05-29,0.0,0.0,0.0,11.446503761897606,0.0,0.0,2.642072009069234,4.493963760635801,0.0,0.0,4.494008283779868,4.67066145693608,0.0,0.0,0.0,0.0,6.138000997013562,4.526464027835901,0.0,6.112711471591189,0.0,0.0,0.0,0.0,0.0,0.0,11.2263754224697,0.0,10.16855733339152,0.0,0.0,15.766275983158767,0.0,15.848480955235878,0.0,0.0,0.0,0.0,3.566640798700322,0.0,0.0,0.0,0.0,0.0,6.68689874996616,0.22538474140719866,0.0,3.927885366885219,1.408452156762659,0.0,0.0,0.0,0.0,0.0,0.0,inf,0.0,7.751197392112746,0.0,0.0,0.0,0.0,0.0,0.0,0.0,0.0,0.0,inf,8.649425160883167,1.1754821820225227,0.7300787035395649,0.0,0.0,6.891156962523367,0.0,2.2146008580749514,1.5068794611128689,0.0,0.0,15.59684277726315,0.0,0.0,0.0,0.0,1.0085490439765896,4.77126144740606,0.0,18.541153033977682,9.558356806304019,0.0,2.296900159166497,0.778761766373202,5.209384715273781
2021-05-30,0.0,0.0,0.0,11.61448961952957,0.0,0.0,4.352416099242147,4.955404849570712,0.0,0.0,4.916424500841464,5.487643316220832,0.0,0.0,0.0,0.0,6.74064128390965,4.96833669583296,0.0,6.682345542267974,0.0,0.0,0.0,0.0,0.0,0.0,12.61018258313926,0.0,11.031182089976227,0.0,0.0,16.295824752277017,0.0,17.723016927695934,0.0,0.0,0.0,0.0,3.9037221841887466,0.0,0.0,0.0,0.0,0.0,7.6045642468073025,0.2528786885698689,0.0,4.27195339225563,1.5391781773577549,0.0,0.0,0.0,0.0,0.0,0.0,inf,0.0,8.37931418995288,0.0,0.0,0.0,0.0,0.0,0.0,0.0,0.0,0.0,inf,9.391619291506274,1.3152493372275622,0.8245000168451934,0.0,0.0,6.038903319125053,0.0,2.477558460009243,1.7134920003386611,0.0,0.0,15.980769983692344,0.0,0.0,0.0,0.0,1.1725213075188738,5.352057120815777,0.0,20.32759107943348,10.437824597918764,0.0,2.5156075292984665,0.8300202434771861,5.692213507853745
2021-05-31,0.0,0.0,0.0,10.141123122526476,0.0,0.0,3.555242146291366,4.750113525140767,0.0,0.0,4.690652977631694,4.9835679245108295,0.0,0.0,0.0,0.0,6.541079300080534,4.555672961897077,0.0,6.408188312563297,0.0,0.0,0.0,0.0,0.0,0.0,11.569694516539967,0.0,10.228163948204033,0.0,0.0,15.64077505760916,0.0,17.10642367819825,0.0,0.0,0.0,0.0,3.6612963746516063,0.0,0.0,0.0,0.0,0.0,6.9090506856254645,0.3018907761766725,0.0,4.258385158320226,1.4765465851741832,0.0,0.0,0.0,0.0,0.0,0.0,inf,0.0,7.719864542776341,0.0,0.0,0.0,0.0,0.0,0.0,0.0,0.0,0.0,inf,9.649548713921119,1.2518274271684098,0.7701910369707827,0.0,0.0,4.214729846095984,0.0,2.308499467698594,1.6288127771974754,0.0,0.0,13.965130057894875,0.0,0.0,0.0,0.0,1.0670172148171317,4.999484608488079,0.0,19.167653572402738,10.017056595776195,0.0,2.3844351044711316,0.8014598713422392,5.458778698590305
2021-06-01,0.0,0.0,0.0,9.914492262074813,0.0,0.0,4.140973206534128,6.035625886462541,0.0,0.0,5.4004765510338535,5.088775210771456,0.0,0.0,0.0,0.0,7.522453205213188,5.230555084783281,0.0,7.510153480315193,0.0,0.0,0.0,0.0,0.0,0.0,11.592567120391355,0.0,10.88641067421566,0.0,0.0,17.783092146079987,0.0,19.37502649725988,0.0,0.0,0.0,0.0,4.290648512231149,0.0,0.0,0.0,0.0,0.0,6.995020459768349,0.3383899492107341,0.0,4.783723745611375,1.7304055883741498,0.0,0.0,0.0,0.0,0.0,0.0,inf,0.0,9.493776618745207,0.0,0.0,0.0,0.0,0.0,0.0,0.0,0.0,0.0,inf,11.468476346206884,1.4800680143165472,0.8399797430585181,0.0,0.0,3.54967718733623,0.0,2.6078417419951934,1.838056512730655,0.0,0.0,15.154578258250492,0.0,0.0,0.0,0.0,1.0607211044244633,5.6140703299265295,0.0,21.535025967849347,11.438826403929275,0.0,2.801883089245673,0.9441868633860531,6.166993815501643
2021-06-02,0.0,0.0,0.0,10.124957075732604,0.0,0.0,5.013828654815846,6.350059831326599,0.0,0.0,5.926545851992743,5.577932211904317,0.0,0.0,0.0,0.0,8.356667702317077,5.6654886544620835,0.0,7.866985196637587,0.0,0.0,0.0,0.0,0.0,0.0,12.143381907767923,0.0,10.969517208365662,0.0,0.0,18.76733352400364,0.0,18.492845291734923,0.0,0.0,0.0,0.0,4.358405491079631,0.0,0.0,0.0,0.0,0.0,7.340815848204804,0.3611286448598739,0.0,4.50704478193107,1.816107594778412,0.0,0.0,0.0,0.0,0.0,0.0,inf,0.0,10.058312300146518,0.0,0.0,0.0,0.0,0.0,0.0,0.0,0.0,0.0,inf,11.761495554875664,1.6060555475582854,0.8779173934731062,0.0,0.0,3.527710691029373,0.0,2.8009784556511867,2.0650319389124556,0.0,0.0,14.957057063433018,0.0,0.0,0.0,0.0,1.1660384186080324,5.880869345274518,0.0,20.146905233703926,11.617490568861871,0.0,3.093071206665626,0.990567364325911,6.459504626532409
2021-06-03,0.0,0.0,0.0,10.21736203206932,0.0,0.0,5.43978724172577,6.65757544439878,0.0,0.0,6.179793155938651,4.0487066353002525,0.0,0.0,0.0,0.0,5.502654433982785,4.4802496367606075,0.0,8.723773463761118,0.0,0.0,0.0,0.0,0.0,0.0,10.53135156336981,0.0,9.143376030292998,0.0,0.0,15.273605345696986,0.0,19.92345199313905,0.0,0.0,0.0,0.0,5.517590865689719,0.0,0.0,0.0,0.0,0.0,7.524875337217635,0.39029551554266584,0.0,4.981804501321249,1.7723990758972432,0.0,0.0,0.0,0.0,0.0,0.0,inf,0.0,10.508284768094281,0.0,0.0,0.0,0.0,0.0,0.0,0.0,0.0,0.0,inf,10.87197859255857,1.7335956540085125,0.8164224451931169,0.0,0.0,4.801616453510879,0.0,2.91288175380326,2.19858702088832,0.0,0.0,13.972889305384204,0.0,0.0,0.0,0.0,1.11916573636482,4.743991469652924,0.0,17.29231447880193,11.395526867497804,0.0,3.4467180724458926,1.1023947183357594,6.210137314994722
2021-06-04,0.0,0.0,0.0,8.188713284369566,0.0,0.0,5.455201523715159,6.744727018007543,0.0,0.0,6.55713910945049,4.038764087798451,0.0,0.0,0.0,0.0,5.557449453031273,4.043954657884337,0.0,9.330203646176875,0.0,0.0,0.0,0.0,0.0,0.0,11.147392529296976,0.0,9.716541586294431,0.0,0.0,9.877811637937404,0.0,19.537991855813303,0.0,0.0,0.0,0.0,5.731794982776648,0.0,0.0,0.0,0.0,0.0,7.0284554714347856,0.4018433069741963,0.0,5.224046990470554,1.8919145469376768,0.0,0.0,0.0,0.0,0.0,0.0,inf,0.0,8.424627361056123,0.0,0.0,0.0,0.0,0.0,0.0,0.0,0.0,0.0,inf,9.412965248287746,1.7230048498357755,0.8252400280356892,0.0,0.0,4.57344929010175,0.0,2.932274259430081,2.2640039773588008,0.0,0.0,12.385087829619776,0.0,0.0,0.0,0.0,1.1262219267138691,4.727823387608189,0.0,14.94556397373479,11.36508508983534,0.0,3.6861829093588767,0.6409949157172319,6.642051180004222
2021-06-05,0.0,0.0,0.0,8.796473923303184,0.0,0.0,5.675723436370049,6.89069343056341,0.0,0.0,6.93536445074184,4.529229844147697,0.0,0.0,0.0,0.0,6.23505324435669,4.569634520832625,0.0,9.971455689565744,0.0,0.0,0.0,0.0,0.0,0.0,12.032179155337435,0.0,9.507687887007053,0.0,0.0,10.201778780301602,0.0,18.8401996290038,0.0,0.0,0.0,0.0,5.663153259530031,0.0,0.0,0.0,0.0,0.0,7.648426179851314,0.35704263402144704,0.0,6.4942286600638415,2.001866555608947,0.0,0.0,0.0,0.0,0.0,0.0,inf,0.0,8.761125825857803,0.0,0.0,0.0,0.0,0.0,0.0,0.0,0.0,0.0,inf,11.187695458011694,1.9749216766806132,0.9417068137217488,0.0,0.0,5.327798766150153,0.0,3.1813730724072937,2.6182700429116874,0.0,0.0,12.074872478992877,0.0,0.0,0.0,0.0,1.269998664800719,4.873827955651447,0.0,14.686933052050477,11.109219674919139,0.0,3.3320685406987565,0.6424016722360754,7.098480811241262
2021-06-06,0.0,0.0,0.0,8.846826262922116,0.0,0.0,4.319144497807809,6.313162690982735,0.0,0.0,6.569923903331562,4.2337600757826825,0.0,0.0,0.0,0.0,6.005923617098052,4.354023982244164,0.0,9.356550560186871,0.0,0.0,0.0,0.0,0.0,0.0,8.447771160822876,0.0,8.062522531511856,0.0,0.0,9.315553186378752,0.0,18.059515903522268,0.0,0.0,0.0,0.0,5.417450292025704,0.0,0.0,0.0,0.0,0.0,7.341590823998622,0.3498249319545066,0.0,5.490339123822747,1.87588090760007,0.0,0.0,0.0,0.0,0.0,0.0,inf,0.0,7.143033536031161,0.0,0.0,0.0,0.0,0.0,0.0,0.0,0.0,0.0,inf,9.939535503700531,1.7579025622693514,0.8177657666341714,0.0,0.0,5.090373655700247,0.0,3.074970328271107,2.5466337578872444,0.0,0.0,10.666119209487094,0.0,0.0,0.0,0.0,1.2116559547368564,4.057766113270469,0.0,11.752435418404934,10.46883182756356,0.0,3.123360070097732,0.602674237783852,6.0553991105910026
2021-06-07,0.0,0.0,0.0,8.594947994332154,0.0,0.0,4.0931265482152766,6.250724585379372,0.0,0.0,6.624162181851602,3.962356075870431,0.0,0.0,0.0,0.0,6.188228479293674,4.16217208222428,0.0,9.102117924993589,0.0,0.0,0.0,0.0,0.0,0.0,7.160288489423536,0.0,8.044967551178116,0.0,0.0,9.598839981435235,0.0,16.73439790736244,0.0,0.0,0.0,0.0,5.187442369284503,0.0,0.0,0.0,0.0,0.0,6.8089425544505975,0.33768609435874397,0.0,5.347619800913202,1.68681078286695,0.0,0.0,0.0,0.0,0.0,0.0,inf,0.0,6.931292658034679,0.0,0.0,0.0,0.0,0.0,0.0,0.0,0.0,0.0,inf,9.554295719116668,1.5862628167739126,0.8134831478284846,0.0,0.0,3.8792340031887695,0.0,3.010005938345018,2.4558752952964342,0.0,0.0,9.82820658196496,0.0,0.0,0.0,0.0,1.1343403576966966,3.914497557972825,0.0,10.896198803684342,10.01201926938049,0.0,3.054075497695925,0.5879754355138538,5.888784937211956
2021-06-08,0.0,0.0,0.0,7.336133849126382,0.0,0.0,3.4783846766919804,5.320453996605275,0.0,0.0,5.7265908414280675,3.6068613449018736,0.0,0.0,0.0,0.0,5.0331754513828075,3.841277296737864,0.0,7.916993906457595,0.0,0.0,0.0,0.0,0.0,0.0,6.227994356233946,0.0,6.8833739319131535,0.0,0.0,7.893736595531651,0.0,14.097374130907825,0.0,0.0,0.0,0.0,4.444115414764123,0.0,0.0,0.0,0.0,0.0,6.035539652532072,0.3146386754872708,0.0,4.647003705320758,1.5801281546584809,0.0,0.0,0.0,0.0,0.0,0.0,inf,0.0,5.690499075238539,0.0,0.0,0.0,0.0,0.0,0.0,0.0,0.0,0.0,inf,8.309199933459512,1.5373122282833307,0.7552652180595827,0.0,0.0,3.3091634740122533,0.0,2.775743454856484,2.383899497630003,0.0,0.0,8.566772086362379,0.0,0.0,0.0,0.0,1.0248057797664272,3.677489602965325,0.0,9.420608474233779,8.588146149371118,0.0,2.679221175516713,0.5124888695317803,5.043163908012054
2021-06-09,0.0,0.0,0.0,8.008668782787582,0.0,0.0,3.7552351940109654,5.842690280743843,0.0,0.0,6.6506306216550115,4.053346136566197,0.0,0.0,0.0,0.0,5.549287443027814,4.251439296006032,0.0,8.73223699183753,0.0,0.0,0.0,0.0,0.0,0.0,6.869309390659276,0.0,7.630899377377939,0.0,0.0,8.978950847869273,0.0,16.207245164055244,0.0,0.0,0.0,0.0,4.884691548532842,0.0,0.0,0.0,0.0,0.0,6.863722851562157,0.3459384170528622,0.0,5.11699017516293,1.7147442640852877,0.0,0.0,0.0,0.0,0.0,0.0,inf,0.0,6.271303683734658,0.0,0.0,0.0,0.0,0.0,0.0,0.0,0.0,0.0,inf,8.358712014838481,1.712238177998295,1.056633462649924,0.0,0.0,3.6481557447075126,0.0,3.1241465812315283,2.631652415051448,0.0,0.0,9.776719785406504,0.0,0.0,0.0,0.0,1.1608904391071153,4.028535398679633,0.0,10.443911578447485,9.510600403695747,0.0,2.957610180293929,0.6040842486229435,5.534556844606449
2021-06-10,0.0,0.0,0.0,16.83852067574078,0.0,0.0,3.333062612504492,4.94228703488743,0.0,0.0,10.934302311809798,3.193762134432572,0.0,0.0,0.0,0.0,7.06304909314407,3.2535212397926077,0.0,7.708805388423547,0.0,0.0,0.0,0.0,0.0,0.0,6.093565257198207,0.0,3.6401378538935427,0.0,0.0,7.929261385705291,0.0,13.834194135707534,0.0,0.0,0.0,0.0,4.403322220845722,0.0,0.0,0.0,0.0,0.0,10.041167366592372,72.69167588531907,0.0,4.171991781447002,1.5119256479655874,0.0,0.0,0.0,0.0,0.0,0.0,inf,0.0,5.2131480491472795,0.0,0.0,0.0,0.0,0.0,0.0,0.0,0.0,0.0,inf,19.7501081519786,5.993976264600541,8.264785682123026,0.0,0.0,21.974767086853024,0.0,2.5361789244719493,2.060867967154933,0.0,0.0,10.660120801204188,0.0,0.0,0.0,0.0,0.365903767807699,3.0630704377187343,0.0,9.777250126100725,3.5219528464766414,0.0,6.419982767152685,0.7729606684220173,4.899060619822875
2021-06-11,0.0,0.0,0.0,11.457792822244897,0.0,0.0,3.0422189399751827,4.426478628464037,0.0,0.0,9.792469257926673,3.039834340732696,0.0,0.0,0.0,0.0,5.909027367611257,2.9790825606306184,0.0,5.736817611417102,0.0,0.0,0.0,0.0,0.0,0.0,5.458086320388342,0.0,3.319937046067916,0.0,0.0,10.979373926221166,0.0,12.23204913910962,0.0,0.0,0.0,0.0,4.005916390787539,0.0,0.0,0.0,0.0,0.0,9.523505762010238,19.32572589696048,0.0,3.7514694235633583,1.3599395515255945,0.0,0.0,0.0,0.0,0.0,0.0,inf,0.0,4.887604833093345,0.0,0.0,0.0,0.0,0.0,0.0,0.0,0.0,0.0,inf,15.191464718349298,5.52052662054757,6.700610366129315,0.0,0.0,14.302128664688471,0.0,2.22654616804876,1.721092662393917,0.0,0.0,8.985536069207823,0.0,0.0,0.0,0.0,0.3338534465218594,3.3521098841708783,0.0,8.744283378866621,3.3800432532499594,0.0,5.62195301780068,0.763709467534789,4.383447603768205
2021-06-12,0.0,0.0,0.0,10.15986117655389,0.0,0.0,2.7975353547117012,4.137177294143091,0.0,0.0,9.566307468228173,3.2964376333693224,0.0,0.0,0.0,0.0,5.658900821418836,2.819664514795718,0.0,5.468669086377343,0.0,0.0,0.0,0.0,0.0,0.0,9.289352396618325,0.0,3.161377353458868,0.0,0.0,11.40770086028618,0.0,11.880791113915237,0.0,0.0,0.0,0.0,3.7532634269256855,0.0,0.0,0.0,0.0,0.0,9.858384570624228,6.70432977521828,0.0,3.5636957650401238,1.2953156997051705,0.0,0.0,0.0,0.0,0.0,0.0,inf,0.0,4.356864755163603,0.0,0.0,0.0,0.0,0.0,0.0,0.0,0.0,0.0,inf,11.524302779560184,5.174256888756172,5.551997022178689,0.0,0.0,12.093845259191568,0.0,1.8228981854475308,1.6169461980179247,0.0,0.0,8.80329290174751,0.0,0.0,0.0,0.0,0.32049097872639287,3.2446528533166146,0.0,8.918631853545486,3.2778063304977976,0.0,5.3451374286192195,0.7278495597617546,4.170733875235922
2021-06-13,0.0,0.0,0.0,9.536820384921814,0.0,0.0,2.7460694771935548,3.9747650910271304,0.0,0.0,8.750753067111846,3.193894120970628,0.0,0.0,0.0,0.0,5.677355845211887,2.8911012245900074,0.0,5.306515804795036,0.0,0.0,0.0,0.0,0.0,0.0,9.033159317455643,0.0,3.0994272495557307,0.0,0.0,11.450425544210164,0.0,11.306841069023035,0.0,0.0,0.0,0.0,3.55855367918199,0.0,0.0,0.0,0.0,0.0,9.317755231514347,5.717169360035363,0.0,3.4713219969281797,1.1703907927569874,0.0,0.0,0.0,0.0,0.0,0.0,inf,0.0,4.214986654164705,0.0,0.0,0.0,0.0,0.0,0.0,0.0,0.0,0.0,inf,12.297324224187356,5.296579603235759,5.341909750753668,0.0,0.0,10.059369257871252,0.0,1.8600020641793593,1.642878899128504,0.0,0.0,8.524989395630657,0.0,0.0,0.0,0.0,0.3028681566414587,3.2889499376223577,0.0,8.836270068896795,3.1823506013092038,0.0,5.222886400453713,0.7131942650127667,4.055690605963657
2021-06-14,0.0,0.0,0.0,9.522579517983191,0.0,0.0,2.923805635933874,4.405476953085462,0.0,0.0,9.543506269169551,3.1828770480529514,0.0,0.0,0.0,0.0,5.5985444819115315,2.763981744020038,0.0,5.584509609106715,0.0,0.0,0.0,0.0,0.0,0.0,9.507970565870288,0.0,3.3757916177220015,0.0,0.0,11.892164857091467,0.0,12.165294780337446,0.0,0.0,0.0,0.0,3.7537217146873982,0.0,0.0,0.0,0.0,0.0,8.5486386635308,5.580088367685369,0.0,3.675622874247199,1.4013707919537985,0.0,0.0,0.0,0.0,0.0,0.0,inf,0.0,4.400887739572715,0.0,0.0,0.0,0.0,0.0,0.0,0.0,0.0,0.0,inf,12.624038109610561,4.803602194848349,5.021967263930215,0.0,0.0,9.75035671649266,0.0,1.784122342634854,1.5921696766370397,0.0,0.0,8.68300673069001,0.0,0.0,0.0,0.0,0.3002698013762867,3.0237795707683763,0.0,9.291714062703004,3.2121474172746254,0.0,5.455869982866486,0.7843462561537751,4.456621109726747
2021-06-15,0.0,0.0,0.0,9.929129932510945,0.0,0.0,2.886554554477667,4.649053481604224,0.0,0.0,9.983126963441357,3.1655619753119804,0.0,0.0,0.0,0.0,5.779567706598284,2.846981909411868,0.0,5.755127400578221,0.0,0.0,0.0,0.0,0.0,0.0,12.176956811294028,0.0,3.635226736315141,0.0,0.0,12.397122790839465,0.0,12.355442462414718,0.0,0.0,0.0,0.0,3.865362251713342,0.0,0.0,0.0,0.0,0.0,8.513265424451731,6.63816834679619,0.0,3.8204733048619857,1.4573492877631382,0.0,0.0,0.0,0.0,0.0,0.0,inf,0.0,4.541661067755071,0.0,0.0,0.0,0.0,0.0,0.0,0.0,0.0,0.0,inf,6.233178661063813,4.53998303268341,4.959391327087801,0.0,0.0,9.756432667301503,0.0,1.7711910796718437,1.6046025700873139,0.0,0.0,8.785422206634331,0.0,0.0,0.0,0.0,0.29905489350293385,2.9606000320510155,0.0,9.643822289246359,3.321714207535314,0.0,5.795790480698189,0.8128166331740797,4.590164236979355
2021-06-16,0.0,0.0,0.0,9.321531824027213,0.0,0.0,2.8349210403234815,4.689638259759253,0.0,0.0,9.905033139341601,3.18579624093081,0.0,0.0,0.0,0.0,5.733495447102778,2.835614885853643,0.0,5.706932293576747,0.0,0.0,0.0,0.0,0.0,0.0,12.075005950213257,0.0,3.517523578045223,0.0,0.0,12.229708149996558,0.0,12.111705740570137,0.0,0.0,0.0,0.0,3.990580105514253,0.0,0.0,0.0,0.0,0.0,7.503568897514347,6.591482998453492,0.0,3.7699605987001297,1.4142400631401293,0.0,0.0,0.0,0.0,0.0,0.0,inf,0.0,4.40435857978428,0.0,0.0,0.0,0.0,0.0,0.0,0.0,0.0,0.0,inf,6.287082838976285,4.638250551585353,4.37077475997563,0.0,0.0,9.334487202543594,0.0,1.7703318611483876,1.6027365711879453,0.0,0.0,8.700803433372416,0.0,0.0,0.0,0.0,0.30874364814083083,2.9826861320567213,0.0,9.509657479945242,3.328632416661126,0.0,5.732319225692972,0.839143459269032,3.1251107140987173
2021-06-17,0.0,0.0,0.0,7.634725434448995,0.0,0.0,2.505212037669953,2.7564892253298146,0.0,0.0,8.565600398172876,2.254834723475515,0.0,0.0,0.0,0.0,5.0385336718052995,2.586351296394027,0.0,4.902284672356073,0.0,0.0,0.0,0.0,0.0,0.0,0.7029937562799708,0.0,3.565360999571464,0.0,0.0,8.712675009887706,0.0,10.437842690312433,0.0,0.0,0.0,0.0,3.521181867114769,0.0,0.0,0.0,0.0,0.0,5.113058259100871,10.346331633862045,0.0,3.0927812914747603,1.2513869029955451,0.0,0.0,0.0,0.0,0.0,0.0,inf,0.0,3.7427824506263265,0.0,0.0,0.0,0.0,0.0,0.0,0.0,0.0,0.0,inf,5.49994943085195,4.21682286106217,3.958146660076034,0.0,0.0,8.255855706436199,0.0,1.660368280459536,1.047015440437028,0.0,0.0,7.223481200678513,0.0,0.0,0.0,0.0,0.33849158470038454,1.8603242222138379,0.0,7.792803510327964,2.3239777427338906,0.0,4.632541385980156,0.7212559650052088,2.462709365986112
2021-06-18,0.0,0.0,0.0,7.888911480667973,0.0,0.0,2.6512826446289677,2.911043609277626,0.0,0.0,8.719564570047304,2.3500223000376317,0.0,0.0,0.0,0.0,4.933424365597393,2.6655918039478013,0.0,4.9864972662046165,0.0,0.0,0.0,0.0,0.0,0.0,0.777812411447289,0.0,3.711300118268563,0.0,0.0,8.860000082407176,0.0,9.861178325928961,0.0,0.0,0.0,0.0,3.275310636630202,0.0,0.0,0.0,0.0,0.0,5.4978490539829314,12.165670097402337,0.0,3.1175819784041896,1.2752011462465622,0.0,0.0,0.0,0.0,0.0,0.0,inf,0.0,3.814765706557978,0.0,0.0,0.0,0.0,0.0,0.0,0.0,0.0,0.0,inf,5.728418165734025,4.3038411143984225,4.133910226615379,0.0,0.0,8.250765909401908,0.0,1.7016864225691672,1.0748806751631463,0.0,0.0,7.109335729065405,0.0,0.0,0.0,0.0,0.3531526312708256,1.907618766821912,0.0,8.130787317716544,2.5538220534636715,0.0,4.713933960615401,0.8890905325135156,2.509724478234367
2021-06-19,0.0,0.0,0.0,7.283422533804865,0.0,0.0,2.4347537899631186,2.9955845446152223,0.0,0.0,7.923216817269978,2.347260408043266,0.0,0.0,0.0,0.0,4.753110853037355,2.583748714177004,0.0,4.55020315996206,0.0,0.0,0.0,0.0,0.0,0.0,0.7254879604559321,0.0,3.5467801856891903,0.0,0.0,8.084953784333807,0.0,8.823502320950208,0.0,0.0,0.0,0.0,2.849981003566497,0.0,0.0,0.0,0.0,0.0,5.184203891235724,11.13029374804268,0.0,2.7371446682250586,1.0107517273378452,0.0,0.0,inf,0.0,0.0,0.0,inf,0.0,3.4404162495248496,0.0,0.0,0.0,0.0,0.0,0.0,0.0,0.0,0.0,inf,5.457105481071317,4.977559628905278,3.864236927507472,0.0,0.0,7.144284741612133,0.0,1.6699914590713194,1.0444600113511007,0.0,0.0,6.577878481835393,0.0,0.0,0.0,0.0,0.32785802859987323,1.8692363961578775,0.0,7.292971328230716,2.481772416223769,0.0,4.282000464413117,1.1690254151223909,2.513038146683657
2021-06-20,0.0,0.0,0.0,6.989257334158226,0.0,0.0,2.4315870354808276,2.9583592670263092,0.0,0.0,7.697740902981732,2.424965611111137,0.0,0.0,0.0,0.0,4.796415856398126,2.5020700252141,0.0,4.382832348243828,0.0,0.0,0.0,0.0,0.0,0.0,0.7088178394268192,0.0,3.3268514180813273,0.0,0.0,7.899150207500114,0.0,8.557959565304806,0.0,0.0,0.0,0.0,2.658950569254121,0.0,0.0,0.0,0.0,0.0,5.038827770092445,9.069674089181225,0.0,2.701482606832845,1.1385947183783445,0.0,0.0,inf,0.0,0.0,0.0,inf,0.0,3.3481648205017276,0.0,0.0,0.0,0.0,0.0,0.0,0.0,0.0,0.0,inf,5.7563958858733715,4.87266791211441,3.691883103305575,0.0,0.0,6.9066420950003025,0.0,1.6238098794248934,1.0305938301708166,0.0,0.0,6.222070227051573,0.0,0.0,0.0,0.0,0.32342364401161444,1.9231753192962768,0.0,7.358745502357452,2.4304856702587903,0.0,4.272513091882263,1.1356619399149712,2.455117488256917
2021-06-21,0.0,0.0,0.0,7.1615821917450555,0.0,0.0,2.517734722426553,3.048237798374293,0.0,0.0,8.156637955339203,2.387346957542173,0.0,0.0,0.0,0.0,4.922633599905116,2.55932362660302,0.0,4.495852319109839,0.0,0.0,0.0,0.0,0.0,0.0,0.7266792964840685,0.0,3.4138632302214096,0.0,0.0,7.977743100779444,0.0,8.814687231201148,0.0,0.0,0.0,0.0,2.801515266714329,0.0,0.0,0.0,0.0,0.0,4.962337111483314,9.05219079228345,0.0,2.7754834494297143,1.2732613076697108,0.0,0.0,inf,0.0,0.0,0.0,inf,0.0,3.4173166189726425,0.0,0.0,0.0,0.0,0.0,0.0,0.0,0.0,0.0,inf,5.9111067521894824,4.674561768896901,3.746283574518732,0.0,0.0,6.593395011449232,0.0,1.6602685385319234,1.120726911285718,0.0,0.0,6.398988765445108,0.0,0.0,0.0,0.0,0.3210369408445727,1.9610732994279998,0.0,7.52536622204309,2.9612817400713753,0.0,4.3416507274615626,0.9668536788371229,2.526723703494099
2021-06-22,0.0,0.0,0.0,5.601527918302396,0.0,0.0,1.834128259304224,2.3645593449639066,0.0,0.0,6.212312080914454,2.222673315775717,0.0,0.0,0.0,0.0,3.922187154169649,2.2302415896361847,0.0,3.4241307479244454,0.0,0.0,0.0,0.0,0.0,0.0,0.5534596284730704,0.0,2.628341250335142,0.0,0.0,6.032991763774989,0.0,7.283829191421352,0.0,0.0,0.0,0.0,2.169040648535609,0.0,0.0,0.0,0.0,0.0,4.411257108840767,7.430836775423298,0.0,2.144988628714336,0.6181231695157534,0.0,0.0,inf,0.0,0.0,0.0,inf,0.0,2.6191114441013577,0.0,0.0,0.0,0.0,0.0,0.0,0.0,0.0,0.0,inf,4.49339830783768,4.024596610200846,3.1098797669168667,0.0,0.0,6.021033233400019,0.0,1.4270652120347922,0.9629452236652344,0.0,0.0,5.0593199766161225,0.0,0.0,0.0,0.0,0.2894411683591558,1.6864481421739925,0.0,9.554705974007275,2.2041743343497098,0.0,3.309122369051096,0.737916114083268,1.92441991003766
2021-06-23,0.0,0.0,0.0,4.913512332915862,0.0,0.0,1.8593582883051845,2.2080843537795523,0.0,0.0,6.905098466166172,2.216636201431025,0.0,0.0,0.0,0.0,3.6236282403159383,2.061669016169195,0.0,3.2376953275771747,0.0,0.0,0.0,0.0,0.0,0.0,0.5222360368511035,0.0,2.5113982418030267,0.0,0.0,5.35164239695727,0.0,7.480705464204952,0.0,0.0,0.0,0.0,2.0269222753948375,0.0,0.0,0.0,0.0,0.0,4.2579699285925745,6.5051240907579215,0.0,2.0205094440007754,0.9015795305090677,0.0,0.0,inf,0.0,0.0,0.0,inf,0.0,2.5815677669106054,0.0,0.0,0.0,0.0,0.0,0.0,0.0,0.0,0.0,inf,4.211516707302096,3.6968039786779796,2.8851683298678394,0.0,0.0,5.727133736412259,0.0,1.3285760486459428,0.901202535404331,0.0,0.0,4.800911885755475,0.0,0.0,0.0,0.0,0.2836317172405269,1.5724548231955595,0.0,9.171476996212832,2.1065105961531105,0.0,3.124674071857045,0.7223949247671847,2.2354211272723363
2021-06-24,0.0,0.0,0.0,2.864507476503111,0.0,0.0,1.847937984118949,1.9298838898941437,0.0,0.0,24.031866881367684,1.7089282996948882,0.0,0.0,0.0,0.0,2.186159527348753,1.8923995538710485,0.0,3.2695501596816325,0.0,0.0,0.0,0.0,0.0,0.0,0.49477001492732886,0.0,2.394701507082685,0.0,0.0,4.932346360907377,0.0,6.0909971285482625,0.0,0.0,0.0,0.0,1.7567125205765448,0.0,0.0,0.0,0.0,0.0,3.632855335585525,18.97344888481066,0.0,1.9899223697475141,0.8669159915754633,0.0,0.0,inf,0.0,0.0,0.0,inf,0.0,2.1868017283374703,0.0,0.0,0.0,0.0,0.0,0.0,0.0,0.0,0.0,inf,4.237600062932572,19.150059772584257,18.86476047598133,0.0,0.0,8.226218675939291,0.0,1.2011102385622692,0.6959536441731705,0.0,0.0,9.270283714793623,0.0,0.0,0.0,0.0,0.24308715353003701,1.4477189816507938,0.0,2.4812433901765516,4.987812271484841,0.0,2.0383222489583686,0.2266395344667368,2.113998738537785
2021-06-25,0.0,0.0,0.0,3.2748498484810997,0.0,0.0,1.9139418881349888,2.170930383773694,0.0,0.0,15.563428359191969,1.8859822293071065,0.0,0.0,0.0,0.0,2.383587470852112,2.0500751710424328,0.0,3.6258839378146313,0.0,0.0,0.0,0.0,0.0,0.0,0.5434716014199303,0.0,2.64215779540783,0.0,0.0,5.439417299013191,0.0,6.707823582377882,0.0,0.0,0.0,0.0,1.9357608754133135,0.0,0.0,0.0,0.0,0.0,4.032918461758621,12.566369028900715,0.0,2.2050705243176183,0.9649358148546663,0.0,0.0,inf,0.0,0.0,0.0,inf,0.0,2.4173369384527645,0.0,0.0,0.0,0.0,0.0,0.0,0.0,0.0,0.0,inf,4.6700632485679,13.667603353664221,13.475465460711725,0.0,0.0,8.695289598246383,0.0,1.2944192048097036,0.7545640426804145,0.0,0.0,9.89287077286551,0.0,0.0,0.0,0.0,0.25878727705779764,1.5626743629056312,0.0,3.2372752037401287,5.439322413133866,0.0,2.257221962932555,0.22423590017806616,2.2473050047231604
2021-06-26,0.0,0.0,0.0,2.8568467175325103,0.0,0.0,1.7080360857704202,1.9635402665388662,0.0,0.0,11.885073376147474,1.8300056325883491,0.0,0.0,0.0,0.0,2.240393039446716,1.9541238183054754,0.0,3.162915048268606,0.0,0.0,0.0,0.0,0.0,0.0,0.48011960293742795,0.0,2.317941720607046,0.0,0.0,4.781312167682175,0.0,6.046185704034593,0.0,0.0,0.0,0.0,1.7314922310652476,0.0,0.0,0.0,0.0,0.0,4.057264892936761,10.623487920814666,0.0,1.9389796641868442,0.7938980603923449,0.0,0.0,inf,0.0,0.0,0.0,inf,0.0,2.1247355439658344,0.0,0.0,0.0,0.0,0.0,0.0,0.0,0.0,0.0,inf,4.1160312829439505,11.070017766240042,9.795097921777087,0.0,0.0,8.158879103844097,0.0,1.2572886044292277,0.7242861707254489,0.0,0.0,8.512811596150176,0.0,0.0,0.0,0.0,0.2476808189861735,1.501310026252044,0.0,3.072222888826173,4.277453455214033,0.0,1.982915373767332,0.19786695229195697,2.071112952759926
2021-06-27,0.0,0.0,0.0,2.842109103004973,0.0,0.0,1.7124397173652033,1.975425397157316,0.0,0.0,10.458264833070007,1.8542560187767083,0.0,0.0,0.0,0.0,2.264914755183376,1.9411004414884643,0.0,3.1536533729182628,0.0,0.0,0.0,0.0,0.0,0.0,0.47643138047463207,0.0,2.319173305531859,0.0,0.0,4.848505884595243,0.0,5.674619993223381,0.0,0.0,0.0,0.0,1.7344992876852257,0.0,0.0,0.0,0.0,0.0,3.7778715302314088,9.15044645774494,0.0,1.9073214163868435,0.7956782499753595,0.0,0.0,inf,0.0,0.0,0.0,inf,0.0,2.129055141632803,0.0,0.0,0.0,0.0,0.0,0.0,0.0,0.0,0.0,inf,4.142459727124446,10.804426823341796,9.720018631502631,0.0,0.0,7.7949979801332825,0.0,1.2631248784007059,0.7221079793666753,0.0,0.0,8.534577977155807,0.0,0.0,0.0,0.0,0.24970535487402204,1.5073467840635824,0.0,3.0191781048844906,4.2871884351824425,0.0,1.994429521616594,0.1920959529151293,2.0801811668711117
2021-06-28,0.0,0.0,0.0,3.0623225451047285,0.0,0.0,1.8542519176688501,2.1305996404631853,0.0,0.0,11.178506190360842,1.9521387297230433,0.0,0.0,0.0,0.0,2.383497473556496,1.9334757223011356,0.0,3.3940691917181893,0.0,0.0,0.0,0.0,0.0,0.0,0.5618053089682724,0.0,2.490589729049988,0.0,0.0,6.0771359302227355,0.0,6.077099080833234,0.0,0.0,0.0,0.0,1.8488871255898505,0.0,0.0,0.0,0.0,0.0,3.7380176987262224,8.995399347243618,0.0,2.048485392961223,0.7462253375470478,0.0,0.0,inf,0.0,0.0,0.0,inf,0.0,2.2536008949894093,0.0,0.0,0.0,0.0,0.0,0.0,0.0,0.0,0.0,inf,4.654016734447292,10.236256591191363,9.686468706438886,0.0,0.0,6.513593184258211,0.0,1.257928678840462,0.7243349661907533,0.0,0.0,8.044451540706786,0.0,0.0,0.0,0.0,0.2509840826391201,1.5052374136685989,0.0,3.3160073542307793,4.625879915244291,0.0,2.1267154011390845,0.20779372566815127,2.239886702711354
